epoch,train_loss
0,6.987794906034598
1,5.387804371359103
2,4.87948201055484
3,4.5824871020466755
4,4.377846542495249
5,4.21260811609003
6,4.096340765332962
7,3.9894747295721764
8,3.899783806950522
9,3.823676964627253
10,3.7548276234100753
11,3.704298284556299
12,3.656122679133052
13,3.6173128311944116
14,3.573661440691071
15,3.5420261466449685
16,3.509292615368762
17,3.474812974844278
18,3.4367560399487416
19,3.43263682656224
