epoch,train_reward
0,0.4508516012686785
1,0.47712418089533065
2,0.5940540998238619
3,0.5816409952704682
4,0.5649015209867281
5,0.5875710391944834
6,0.6190156364654746
7,0.6425828538133425
8,0.6384921164790611
9,0.6600693576539044
10,0.6620008138263173
11,0.6596376176906809
12,0.672403556616317
13,0.6766281611716266
14,0.6706043139701466
15,0.6867801279765073
16,0.6785987155854435
17,0.6977484263646763
18,0.6756477764903697
19,0.6862451356622671
