epoch,train_acc
0,0.32237161514465834
1,0.2991656070031113
2,0.30172285017478817
3,0.3070910370563991
4,0.31021993730318353
