epoch,train_loss
0,7.054933010662177
1,4.076599326599327
2,3.277670366863075
3,3.275079352553311
4,2.0158442059483725
