epoch,train_reward
0,0.24379187395041504
1,0.2650849765415411
2,0.28675279305572593
3,0.29204677024440195
4,0.3019480865812462
