epoch,train_acc
0,0.32301486184486355
1,0.36598837569146564
2,0.37473193999256554
3,0.37421430733234656
4,0.3739556598190796
