epoch,train_loss
0,3.0857606040632755
1,3.028288810483871
2,2.993353074596774
3,2.972881610576923
4,2.961807440291563
