epoch,train_reward
0,0.7321125315895152
1,0.7786532000040002
2,0.7928977189377578
3,0.8080293440049694
4,0.8138339123861962
