epoch,train_loss
0,6.788689142919977
1,4.803187122259439
2,4.150211458248942
3,3.7526147451101397
4,3.4888377563835795
5,3.292365754131779
6,3.153152911652364
7,3.040967100938874
8,2.944849216349991
9,2.8691905795726007
10,2.802922435940114
11,2.753745829577938
12,2.7061146791740383
13,2.668921549758569
14,2.628415227470911
15,2.5951727762350587
16,2.5714842439232384
17,2.5380447210217807
18,2.502302130241565
19,2.4916414583745023
