epoch,train_acc
0,0.14350086550294358
1,0.14131318403917484
2,0.14875566375478577
3,0.15191784951688167
4,0.15751414748619638
