epoch,train_loss
0,10.318611391129032
1,29.09957544975186
2,53.87856699751861
3,61.16803660049628
4,63.61286445409429
