epoch,train_reward
0,0.6979968483483525
1,0.7250297820153958
2,0.7165642147768224
3,0.7167977462927106
4,0.7242905552274832
