epoch,train_acc
0,0.0444938635400561
1,0.017465965322098962
2,0.012037180247716606
3,0.011235303156732554
4,0.010276144802671774
5,0.00846354166762719
6,0.008286922434713729
7,0.010403774757085755
8,0.0092744430663101
9,0.008695596130564809
10,0.007809921608094384
11,0.006005053648766647
12,0.005535787981151059
13,0.005861953388447735
14,0.0057291666813434495
15,0.005784601894078204
16,0.006531043746969709
17,0.006256445970312499
18,0.006193275561113611
19,0.006154599831218251
