epoch,train_loss
0,7.0529884864396575
1,5.537072275786122
2,5.11100315085441
3,4.868137329683176
4,4.718084264763802
5,4.593717006289905
6,4.502523216966022
7,4.438504873369841
8,4.369852337602008
9,4.315730883936176
10,4.27291057783392
11,4.226808437852047
12,4.207859830471432
13,4.164194466287245
14,4.142834515849571
15,4.116798942933703
16,4.105266809463501
17,4.071965128851579
18,4.050267485759718
19,4.0408045454410155
