epoch,train_acc
0,1.1677878038047274e-06
1,0.0
2,0.0
3,1.1677878038047274e-06
4,0.0
5,0.0
6,0.0
7,2.335575607609455e-06
8,7.940956974514832e-05
9,0.0002977858865769338
10,0.0011385930826075192
11,0.0014842582632674764
12,0.0021195348080471073
13,0.0023215620887085727
14,0.0020471319679960173
15,0.0017189836033490475
16,0.0013207679779128894
17,0.0014620702913408941
18,0.0014200299354938314
19,0.0011607810524459344
