epoch,train_reward
0,0.08894970468057511
1,0.08874314655904812
2,0.08881174221701686
3,0.1163511357516585
4,0.07562118806279026
5,0.08127027922080236
6,0.08573162736947494
7,0.18293893425788046
8,0.1486288657236527
9,0.1793944881435467
10,0.24157716093309256
11,0.19702887966092927
12,0.2032591056061967
13,0.24383021784202935
14,0.2435007563754582
15,0.24346925525387306
16,0.23894662520276058
17,0.24289981606562577
18,0.23161251011049802
19,0.1098886103173008
