epoch,train_acc
0,1.1677878038047274e-06
1,0.0
2,0.0
3,1.1677878038047274e-06
4,0.0
5,1.1677878038047274e-06
6,0.00016582586461648914
7,0.0
8,0.00016349029005296328
9,0.0007123505463562655
10,0.0018754671577044717
11,0.00172599032560401
12,0.0019618834469638633
13,0.0016208894249582204
14,0.0020412930246701488
15,0.002459361041857414
16,0.002697589744697847
17,0.0022526626071094997
18,0.0004706184744924691
19,1.1677878038047274e-06
