epoch,train_loss
0,35.13124584403273
1,225.96765184616294
2,572.5043087262209
3,1034.4277154896827
4,1620.6330544510229
5,2284.143040678426
6,2854.0489934399525
7,3672.8495294545264
8,4044.554367818105
9,5588.188456856082
10,6269.765044755465
11,7018.423254449272
12,8135.803853261631
13,9585.348864910315
14,11146.92542215527
15,12332.288283001682
16,13511.371347743834
17,14905.260694016255
18,18127.685945382567
19,20845.820067264573
