epoch,train_loss
0,4.7241090559723355
1,2.7928730119573006
2,2.7253136009272962
3,2.6990778068504713
4,2.691342266479341
5,2.6877347337137354
6,2.679448034503672
7,2.675364150859342
8,2.665538746531647
9,2.679922357644185
10,2.67773703891452
11,2.677850558026002
12,2.6816593243343996
13,2.6866817238307235
14,2.689518621652433
15,2.694502308817193
16,2.6933090993673496
17,2.7017584838489497
18,2.7050145628428695
19,2.708499295876758
