epoch,train_acc
0,0.30061039568439835
1,0.2784573087141659
2,0.2821673803306277
3,0.28781260374519424
4,0.29174884687546354
