epoch,train_loss
0,7.04816415942928
1,3.9727677186724564
2,3.2283653846153846
3,3.2367788461538463
4,3.228161833126551
