epoch,train_reward
0,0.4135551167924706
1,0.43732703789587946
2,0.41357197050495126
3,0.4137638005296291
4,0.412860905839403
