epoch,train_reward
0,0.8464849653220413
1,0.795646596663069
2,0.8343791361197387
3,0.7786612394127516
4,0.8168594406382872
5,0.7961920552914685
6,0.7398077777706751
7,0.7904485124762696
8,0.7806468001096556
9,0.7960084377243968
10,0.8206867015007699
11,0.7652494550341427
12,0.7690464559167919
13,0.7397954199868854
14,0.7217716574668884
15,0.7344586692824222
16,0.7774976831261474
17,0.6628689153654741
18,0.7262472513288555
19,0.7393937293845828
