epoch,train_acc
0,0.14186225804880523
1,0.14760995260294016
2,0.14420766767899243
3,0.15026439111799153
4,0.1539776070768642
