epoch,train_loss
0,10.795857242555831
1,18.10709716191067
2,48.701254264888334
3,56.6113523573201
4,60.48947348014888
