epoch,train_reward
0,0.7035604472787446
1,0.7319449303907437
2,0.7230271831635506
3,0.7269776550770989
4,0.7257313417737596
