epoch,train_loss
0,5.054991204642394
1,3.8486164792236193
2,3.771666397428299
3,3.7522176039058532
4,3.7434649381936933
5,3.7338302028553367
6,3.7426738343431274
7,3.749854460960012
8,3.7513538561594326
9,3.758878225702876
10,3.7671996178648395
11,3.77150521577741
12,3.781544469397164
13,3.7852450357958873
14,3.79068299580048
15,3.7899988499457526
16,3.797617021697519
17,3.804461409692807
18,3.8039189486225626
19,3.8201223777548616
