epoch,train_acc
0,0.16159519487248403
1,0.15880260285708808
2,0.1576287894143391
3,0.16140537440320996
4,0.16678332640225513
5,0.16409675689808878
6,0.16802651393778814
7,0.16742421377299307
