epoch,train_loss
0,19.68120659722222
1,24.91924452861953
2,28.41810465768799
3,29.514257154882156
4,28.13102377946128
5,28.96140221661055
6,28.807484567901234
7,29.768676346801346
