epoch,train_reward
0,0.3048655284123389
1,0.38434533550749994
2,0.4118463671970046
3,0.451029755818991
4,0.48503643658961243
5,0.5014865063256286
6,0.5101129946149425
7,0.5132570622612197
