epoch,train_acc
0,0.05981175233964963
1,0.12133898582693707
2,0.15605030820241422
3,0.1757789143933309
4,0.1924187219597299
5,0.2023916299968557
6,0.2088027838366983
7,0.21445838031212844
8,0.22201746956115345
9,0.22904755221888623
10,0.2346692824978465
11,0.23762845638888833
12,0.2412380880839087
13,0.2445651160494629
14,0.24813504296567943
15,0.24975359600221095
16,0.2527875084379863
17,0.2546477958626811
18,0.2578276812094744
19,0.25839872831988225
