epoch,train_loss
0,7.518853168316486
1,6.45721759496783
2,6.074353902329244
3,5.827481233485611
4,5.675924465795269
5,5.550031788146015
6,5.457385477998332
7,5.378486342494263
8,5.288774997129568
9,5.214831129852432
10,5.151383275942952
11,5.102923872224953
12,5.068808551326461
13,5.023294951349096
14,4.975214455694361
15,4.96756130483653
16,4.94820322797972
17,4.905229574896295
18,4.887315487113234
19,4.874465974457061
