epoch,train_reward
0,0.1101299980697076
1,0.4410771912657092
2,0.6884068869421834
3,0.7369197143300232
4,0.774557145855352
5,0.7225258715216889
6,0.7249714249719953
7,0.7457292055869851
8,0.741373895262389
9,0.764398266381747
10,0.777916165210741
11,0.7729602314431571
12,0.7697650025778288
13,0.7496072939960411
14,0.7372890491656658
15,0.7515408030539885
16,0.759566517421483
17,0.7793851577647598
18,0.749517314369903
19,0.8161926774700661
