epoch,train_acc
0,0.1498608126286864
1,0.16945274391655873
2,0.16791065030395472
3,0.16788024560386386
4,0.17289918106058386
5,0.17031236543452163
6,0.17217677477415547
7,0.17164277223688562
8,0.17376368174887397
9,0.17684190815831066
