epoch,train_reward
0,0.3088209490115578
1,0.3853906868277369
2,0.3930201294185879
3,0.42508589764973065
4,0.40789846512111455
5,0.41259189151428843
6,0.42309813000060414
7,0.40270291228552124
8,0.4150203026092804
9,0.42602146490737125
