epoch,train_acc
0,0.00651508776511216
1,0.006033959279735802
2,0.006149570281970244
3,0.004288116640164914
4,0.004334828152317103
5,0.00429512334049412
6,0.004594076998039011
7,0.004427083382683685
8,0.004387378592394927
9,0.004228559457080965
10,0.003738088606107111
11,0.003739256402655116
12,0.004034706702531052
13,0.004183015728947777
14,0.004101270593644324
15,0.0036364910815322496
16,0.004027699979623538
17,0.00372874631124628
18,0.0037953102141054925
19,0.003838518359322485
