epoch,train_reward
0,0.18943804152719176
1,0.34295054718918866
2,0.30467690407160686
3,0.25243481689638086
4,0.29086739833846753
5,0.27806587413479594
6,0.30740889221964396
7,0.2855052080656916
8,0.14808070008129282
9,0.2322927189180669
10,0.2755010708009682
11,0.22098177521084456
12,0.13007781546011635
13,0.25537433460221165
14,0.1857343210500452
15,0.32734135839035694
16,0.1482261788484227
17,0.1394923986040156
18,0.11676210338759316
19,0.08059224635028518
