epoch,train_reward
0,0.17766362073755748
1,0.3764420185271684
2,0.4407039483388265
3,0.4418204688542598
4,0.4524311530697453
5,0.47429891132019664
6,0.4568958200581439
7,0.45636875645534414
8,0.4624048335863663
9,0.46548207211601844
