epoch,train_acc
0,0.0006893856567321873
1,0.007754470415434856
2,0.025636561887235385
3,0.03454048929047332
4,0.03931989540750321
5,0.04309309494362185
6,0.04305117934633255
7,0.04743454614890211
8,0.04848672184545264
9,0.048561116132758445
