epoch,train_reward
0,0.7700267279148102
1,0.8313864302635193
2,0.8562279057502746
3,0.858852823972702
4,0.8502042603492737
5,0.8786893451213836
6,0.8925369262695313
7,0.8980365073680878
8,0.874427695274353
9,0.9304148364067077
10,0.9235959684848786
11,0.9087470233440399
12,0.9187725782394409
13,0.9295339918136597
14,0.9252091538906098
15,0.9244626224040985
16,0.911675499677658
17,0.9403066825866699
18,0.9219116258621216
19,0.9156706464290619
