epoch,train_acc
0,0.30477101484819324
1,0.30732995221748105
2,0.3144527511322365
3,0.32588252491461844
4,0.32892100447664785
