epoch,train_loss
0,3.2344210414081886
1,2.7595863058312653
2,2.534712798542184
3,2.5684005699441688
4,2.600062519385856
