epoch,train_reward
0,0.6226919975233433
1,0.6854702779288327
2,0.7054345768231612
3,0.7122450892815815
4,0.702418792484416
