epoch,train_acc
0,0.13560069477397893
1,0.14631808103122856
2,0.15408962324526052
3,0.15426022901247163
4,0.15733293376677834
