epoch,train_loss
0,13.632255716891134
1,22.40051557239057
2,40.3993669332211
3,52.80648498877665
4,55.07214506172839
