epoch,train_reward
0,0.26411337691425074
1,0.4271985989160142
2,0.474895380228323
3,0.47976105582433115
4,0.46818980330436183
