epoch,train_loss
0,9.113546257019044
1,6.530940046310425
2,5.822832689285279
3,5.547195167541504
4,5.566564092636108
5,6.672536811828613
6,8.793905143737794
7,10.62809045791626
8,11.728900842666626
9,15.396046371459962
10,19.918962955474854
11,26.185392456054686
12,27.668505268096922
13,34.573916053771974
14,36.87565258026123
15,43.05551025390625
16,50.90383239746094
17,64.2919172668457
18,65.04848785400391
19,75.85088005065919
