epoch,train_reward
0,0.9966441285610199
1,0.9836224627494812
2,0.9610124409198761
3,0.9978599429130555
4,0.9990008473396301
5,0.9983676791191101
6,0.9980961966514588
7,0.9985489070415496
8,0.9977028501033783
9,0.997731020450592
10,0.9982399153709411
11,0.9967518210411072
12,0.9973249351978302
13,0.9976527285575867
14,0.9952751207351684
15,0.9968969714641571
16,0.9972729444503784
17,0.9965759027004242
18,0.9972161436080933
19,0.9975059640407562
