epoch,train_acc
0,0.13428565264017528
1,0.14487231864779507
2,0.15193625754434842
3,0.15350493286776226
4,0.15579024089535304
