epoch,train_loss
0,13.044599642255893
1,18.089164211560046
2,32.3770605359147
3,45.72683431537598
4,50.384627525252526
