epoch,train_reward
0,0.24388371394606417
1,0.39050230158097815
2,0.4545292022118531
3,0.4785303976867603
4,0.47926442323442797
