epoch,train_loss
0,4.701873253279203
1,3.7196225660264224
2,3.648199609576854
3,3.6217982993532187
4,3.6004355317274017
5,3.601877042530898
6,3.5993963549489933
7,3.5982491499639946
8,3.596350940353667
9,3.594503520315538
10,3.5947540843433328
11,3.600727715299803
12,3.608975684161678
13,3.599179124618325
14,3.608685801382022
15,3.6101833501738816
16,3.611854628062569
17,3.616392184800631
18,3.6181257294967035
19,3.620006385940073
