epoch,train_loss
0,4.163266851170229
1,3.3066114376087
2,3.2808486931394825
3,3.2605121938308868
4,3.252988854257187
5,3.2448777149219326
6,3.241636611447476
7,3.243306574254933
8,3.2382312470143386
9,3.2402048417837315
10,3.23933738056976
11,3.239042642092941
12,3.2375929048745937
13,3.236441135406494
14,3.2419732608417475
15,3.2419877949327525
16,3.2401223548568123
17,3.2378971977989273
18,3.2400673143934497
19,3.236585228750021
