epoch,train_acc
0,0.08174633294655342
1,0.0980023839732022
2,0.10234661524538652
3,0.1035741405006
4,0.10460760913928298
5,0.10557698394508865
6,0.10550057144861494
7,0.10626478404938262
8,0.10628668244848609
9,0.10902485508327385
