epoch,train_reward
0,0.7833363682300121
1,0.7995421105139965
2,0.8034446376401025
3,0.8051313637076197
4,0.8074514487305203
5,0.8088912383930104
6,0.8050304275375229
7,0.8060164781841072
8,0.8008420773454614
9,0.7960020513147921
