epoch,train_loss
0,4.706412537750107
1,3.514660183089731
2,3.3839082504067184
3,3.3227674768644597
4,3.285894960565952
5,3.265154961513297
6,3.2534672048594384
7,3.238735043949076
8,3.2346428424253593
9,3.221870260922898
10,3.21936949379241
11,3.2122160843134995
12,3.213253592161854
13,3.209739764175073
14,3.206427995399509
15,3.202820597208134
16,3.203178261427601
17,3.2054953906568175
18,3.208490911620615
19,3.2042110661220122
