epoch,train_loss
0,7.065153132639658
1,5.5612917716193095
2,5.105165197175714
3,4.834123369824192
4,4.656681503415642
5,4.520173149793138
6,4.4178827311426
7,4.334502959999803
8,4.25734996581826
9,4.185840419589671
10,4.137468732525949
11,4.09144916769635
12,4.050030743594662
13,4.0161900509633295
14,3.9747033578932554
15,3.9449401660884975
16,3.92232330604519
17,3.894324019350813
18,3.863216238706101
19,3.852346494058857
