epoch,train_reward
0,0.18395282949776193
1,0.6052828052920611
2,0.6605486531695978
3,0.6708528923346857
4,0.6706302923739224
5,0.6600320761513817
6,0.6866497041933205
7,0.6916811621242575
8,0.6842716836074008
9,0.6952894626711517
10,0.7022230101273199
11,0.700473035397551
12,0.7027558951634463
13,0.7007770859072561
14,0.7014042962292385
15,0.703030404488602
16,0.7035844459661988
17,0.7105270995687476
18,0.7128453984388856
19,0.7125403277007988
