epoch,train_loss
0,9.189569282531739
1,6.519280929565429
2,5.970496425628662
3,5.690117626190186
4,5.430989351272583
5,5.211904106140136
6,5.0282284450531005
7,4.883876962661743
8,4.758835859298706
9,4.65457555770874
10,4.5682320976257325
11,4.485535593032837
12,4.415279340744019
13,4.347257966995239
14,4.28904951095581
15,4.232773771286011
16,4.1810528182983395
17,4.138301558494568
18,4.095037260055542
19,4.044950146675109
