epoch,train_acc
0,0.20863812637093557
1,0.2405537647516738
2,0.24406063242610795
3,0.2457585953543539
4,0.24709921493925857
