epoch,train_loss
0,4.4290357192001
1,3.5758309674369912
2,3.5208365275720843
3,3.493359292034611
4,3.479870645454646
