epoch,train_reward
0,0.5295589456643759
1,0.6247982414848602
2,0.6419432639006541
3,0.6517781259767678
4,0.6485012117522715
