epoch,train_acc
0,0.3182161785456933
1,0.3175815675649832
2,0.321436304876656
3,0.3320367938542286
4,0.3361211192720897
