epoch,train_loss
0,3.464865670594837
1,2.9734388152356903
2,2.692837664842873
3,2.7162313236531985
4,1.6877115337401796
