epoch,train_reward
0,0.37834084861808354
1,0.4058894793995302
2,0.40721664523369266
3,0.40534379568231094
4,0.4063672320509599
