epoch,train_acc
0,0.14274662387476453
1,0.1424340672890295
2,0.1494852216787639
3,0.15263948325920332
4,0.1576650354767493
