epoch,train_loss
0,10.454772797766749
1,25.10351077853598
2,52.50728908188586
3,59.561802109181144
4,63.428989609181144
