epoch,train_reward
0,0.6846759823652414
1,0.7249901540965655
2,0.7188494138918798
3,0.7162948179037932
4,0.724419786158034
