epoch,train_acc
0,0.05938667787297424
1,0.1268661247374231
2,0.1663420217053238
3,0.19434440396559077
4,0.21795240078004485
5,0.23140998759344555
6,0.24010767002544062
7,0.24978512699293984
8,0.2590982342648399
9,0.2660162082033842
10,0.2728524381136146
11,0.27807011351724376
12,0.28388803315269573
13,0.28816797487404316
14,0.2921337816747315
15,0.29497851304409217
16,0.2984550166290437
17,0.3010883769646888
18,0.3059370317266661
19,0.30662602800959426
