epoch,train_loss
0,7.216877276587379
1,5.885599283894082
2,5.448862749364879
3,5.1839741933506165
4,4.9871999030690555
5,4.826096408570294
6,4.717459124834548
7,4.610363802033155
8,4.510272624781313
9,4.434177206236151
10,4.361803580827242
11,4.306495548898329
12,4.253466657458934
13,4.206689015632253
14,4.1638044209758265
15,4.131286797502116
16,4.095491317355579
17,4.057268033647751
18,4.016062984552084
19,4.006197922967474
