epoch,train_reward
0,0.5238018805336525
1,0.4115071281322984
2,0.5082761343284573
3,0.591773984277195
4,0.669932339223511
5,0.5711561541653535
6,0.6087292515643509
7,0.6075489331253976
8,0.6267391221405679
9,0.6432049613897042
10,0.6639128207091258
11,0.6551606056401548
12,0.6773665723779276
13,0.6926330934725535
14,0.679253060186925
15,0.7015738313508141
16,0.6992515857444216
17,0.7007354957640438
18,0.6909028548296257
19,0.6935468500505114
