epoch,train_acc
0,0.2443467394653457
1,0.24053741563863285
2,0.23910921110433314
