epoch,train_reward
0,0.6277127366162202
1,0.6688479540593956
2,0.6591069909489208
