epoch,train_loss
0,7.222394188423328
1,5.847537194666841
2,5.412927584797812
3,5.152205822179136
4,4.970156216300657
5,4.844832315573243
6,4.743650938897924
7,4.6650260061426545
8,4.586322974731035
9,4.532967975855943
10,4.469685004965607
11,4.423201231678505
12,4.400892959047326
13,4.369787374419482
14,4.32841405526405
15,4.30052692473202
16,4.291278471326614
17,4.24554892185023
18,4.22068819336827
19,4.222871938628466
