epoch,train_reward
0,0.12947604362539647
1,0.44401713129918136
2,0.5365420025293068
3,0.7024499155213481
4,0.6603832116576054
5,0.7029631119137922
6,0.6978651532410506
7,0.7087287439091858
8,0.7269240417288023
9,0.7241401771258881
10,0.6727485668766124
11,0.6808527189519907
12,0.7208575536851926
13,0.7039311627101471
14,0.7130164247457222
15,0.6988196712438302
16,0.7243409977365503
17,0.7337809052702557
18,0.7188190277916433
19,0.7217759997855387
