epoch,train_acc
0,0.08054481246646973
1,0.21867522685834678
2,0.25965088716532925
3,0.28621725472483306
4,0.30280270154523375
5,0.315236953668075
6,0.32795095827319837
7,0.33472179319008744
8,0.3424131088327653
9,0.34888227018389373
10,0.352412075984596
11,0.35738062106146673
12,0.36102774414685695
13,0.3635622931293922
14,0.3685849829770551
15,0.3699863334693531
16,0.37572710348828003
17,0.37585086648416993
18,0.37904806081021186
19,0.3807227208767787
