epoch,train_loss
0,6.58527661078047
1,4.621224830646326
2,4.1388910548521745
3,3.9032349421246217
4,3.7499737999226785
5,3.6189615702865146
6,3.51987084067694
7,3.4510112174666756
8,3.3818645087799224
9,3.3179160746017304
10,3.274048628193317
11,3.235108180801467
12,3.19422445910992
13,3.1602098056585484
14,3.1256463822751943
15,3.0987735125097897
16,3.0676024951557124
17,3.0451101300740007
18,3.0179269136768756
19,3.0080097842924665
