epoch,train_loss
0,5.570702621220473
1,3.5043698811210326
2,3.408171134144736
3,3.397834878331343
4,3.3882554785553114
5,3.40254826716778
6,3.41911270265622
7,3.451151442634685
8,3.4640113730067097
9,3.4820415492549603
10,3.5146736061626487
11,3.549106003457655
12,3.571487047212541
13,3.580924602901989
14,3.5907601625930035
15,3.622976132037928
16,3.6346170143161656
17,3.651183572050702
18,3.6780224338240686
19,3.7066882191217534
