epoch,train_reward
0,0.538378707864092
1,0.5758736229798185
2,0.5860241520565187
3,0.5982107461300666
4,0.6152025529354677
5,0.6453812921528325
6,0.6546899513278841
7,0.6527329703350239
8,0.6611659029674103
9,0.6639564178984262
10,0.6887217356485101
11,0.6961728890380517
12,0.6957673660308257
13,0.6855672210321299
14,0.7104114438386241
15,0.7241463546261124
16,0.6884172761921391
17,0.6999711172463113
18,0.7032102950485298
19,0.7036129960564754
