epoch,train_loss
0,4.655479850255855
1,3.768580225016504
2,3.7198037406254243
3,3.702560733786613
4,3.70239830124004
5,3.69713868154004
6,3.7154431781426673
7,3.712403888659627
8,3.704996515282601
9,3.708200853501735
10,3.710330635977433
11,3.7150873956124344
12,3.721070598593742
13,3.720858352601261
14,3.722080868990432
15,3.7238109175934384
16,3.7236563304080024
17,3.728297776705481
18,3.726190908072775
19,3.7271409665522555
