epoch,train_reward
0,0.07899376280572383
1,0.31228712597034974
2,0.6251892559731488
3,0.7242415677004331
4,0.7977853703391926
5,0.6418662568378876
6,0.665560492886556
7,0.694291391714806
8,0.6826218011133339
9,0.7593805397037968
10,0.7650962437214873
11,0.7800128072366587
12,0.764096612085676
13,0.7203935309910453
14,0.7315079012526525
15,0.7727821541474005
16,0.7624805651170791
17,0.7622563740063141
18,0.7762890639861069
19,0.7966144739779656
