epoch,train_reward
0,0.13330570704865832
1,0.03706626425421721
2,0.031107771873205632
3,0.03077652474429022
4,0.03128580280436991
5,0.03131868010638533
6,0.0312992624166581
7,0.03146078703958575
8,0.031255240598273976
9,0.03143421178348027
