epoch,train_acc
0,0.2461965148495886
1,0.28733650945761813
2,0.2948196936615914
3,0.29762238424455106
4,0.3009353980355199
5,0.2997185640003649
6,0.3010264850250809
7,0.30014480523464393
8,0.300322309203212
9,0.30080110302420476
10,0.2991743745290645
11,0.2992783060522892
12,0.2996216366911148
13,0.29902139346161233
14,0.2994149387417353
15,0.29784426400479713
16,0.2981525596749088
17,0.2982961979147565
18,0.29631095977642075
19,0.29620702451120046
