epoch,train_loss
0,4.128836180597143
1,3.032420533654936
2,2.9428647676390915
3,2.911027399413789
4,2.8858025651341594
5,2.8820510359622973
6,2.8747689210780534
7,2.874775309199175
8,2.873998451660567
9,2.8722403017394744
10,2.8750110356797016
11,2.8822804684061643
12,2.8854050935651157
13,2.889652055475209
14,2.8937924218284707
15,2.8956963171338823
16,2.895900253757768
17,2.904389827240743
18,2.9186521902212648
19,2.92395791023836
