epoch,train_reward
0,0.49022148131923293
1,0.558789743703577
2,0.5750060412915833
3,0.5682904963536113
4,0.5882732257447435
5,0.595510192382496
6,0.5994640441753405
7,0.6002085063222278
8,0.5892778888946156
9,0.5820766380014976
10,0.6034829776917873
11,0.5880058704470306
12,0.6110983188911404
13,0.6005321067544912
14,0.6125707115827654
15,0.6198431069006299
16,0.6037108793921535
17,0.614914405506288
18,0.6067200698660093
19,0.6191274876551778
