epoch,train_loss
0,5.22020513701332
1,3.2559661501726227
2,3.175027312719234
3,3.1585631391927267
4,3.1485347662271406
5,3.1517770172769177
6,3.1580889492291506
7,3.1820190711940883
8,3.1873185730835782
9,3.1971713673373507
10,3.225755242488844
11,3.242751361008717
12,3.2456655641307743
13,3.2537510897546604
14,3.27307252392106
15,3.2827024299467626
16,3.29265465757772
17,3.3024360235496486
18,3.318011230417431
19,3.3339772620008667
