epoch,train_reward
0,0.5045305776823262
1,0.5248238691567305
2,0.5330416473305278
3,0.5452203468624252
4,0.551718810882269
5,0.5758578850816718
6,0.5826915350195538
7,0.579257980590444
8,0.5822008814779632
9,0.5879831140351403
10,0.6006418445185161
11,0.6166342444751295
12,0.6028449535369873
13,0.6041335124071403
14,0.6210483213711212
15,0.6266270392144208
16,0.6141592810774064
17,0.6344255885201184
18,0.6396145580060814
19,0.6086701526235572
