epoch,train_reward
0,0.1119499895345804
1,0.13757040637290532
2,0.11975727921389377
3,0.3264441801560834
4,0.34148186919667795
5,0.23558175226364436
6,0.2859394350767787
7,0.2943597087811996
8,0.06841848301179206
9,0.07674847275954191
10,0.07463983721997706
11,0.07490636169442681
12,0.08495918703119316
13,0.07584810119974239
14,0.07647159926158965
15,0.07695833889291426
16,0.07270496614243953
17,0.22546475661308776
18,0.24860679815970194
19,0.24954500253157766
