epoch,train_acc
0,0.18417997932011437
1,0.20736757268285538
2,0.20876074371851078
3,0.20742245913888308
4,0.20733370728824171
5,0.20705577370297215
6,0.20542203872193135
7,0.20406273341499637
8,0.20437803664015014
9,0.20345314829338826
10,0.20236360244954113
11,0.20148075468871626
12,0.20106852555756077
13,0.19971622834023872
14,0.19953989180748774
15,0.19980030824250705
16,0.1999486172279435
17,0.19894431999178747
18,0.19883104430453125
19,0.1987422925875326
