epoch,train_loss
0,4.888822929741556
1,4.083920027643042
2,4.083895812654709
3,4.100893040943573
4,4.11901799659558
5,4.14480738575683
6,4.157842336748748
7,4.189362900139505
8,4.19659910501386
9,4.216889327951611
10,4.219942650987428
11,4.237453787850692
12,4.258161403673112
13,4.2569252471752765
14,4.274415170130708
15,4.279377988635692
16,4.2881024728441455
17,4.303535703051785
18,4.302618770855959
19,4.306723799940716
