epoch,train_reward
0,0.48644469464573625
1,0.558618807471921
2,0.5888340630873437
3,0.6085190791720232
4,0.5938067764979307
5,0.6194570816953086
6,0.6257265873019471
7,0.6414434781523564
8,0.6476604216836493
9,0.6323226722366607
10,0.6615203536144821
11,0.6520276502643465
12,0.6809201563954888
13,0.6586335929519928
14,0.6641462974484191
15,0.6603317429131991
16,0.6290328564130672
17,0.6694143214033323
18,0.67262152037813
19,0.6623037542997454
