epoch,train_acc
0,0.22301976675825813
1,0.2002995505234055
2,0.19720582043886847
3,0.19846125757881014
4,0.20149742163186013
