epoch,train_loss
0,9.345424733445567
1,14.954953177609427
2,18.857244318181817
3,21.87789351851852
4,22.747930695847362
