epoch,train_reward
0,0.6308944956153866
1,0.6034371305328159
2,0.5914280914631489
3,0.5837082415986409
4,0.575391423755757
