epoch,train_loss
0,164.88513513513513
1,117.0920608108108
2,85.51435810810811
3,91.47635135135135
4,95.53885135135135
5,105.12204391891892
6,128.11148648648648
7,128.40878378378378
8,133.15878378378378
9,129.65033783783784
