epoch,train_reward
0,0.023334626334945898
1,0.018733852767901547
2,0.01752703968127576
3,0.09747308152853637
4,0.14209254458546638
5,0.11856157091018316
6,0.10344573976220311
7,0.08281505883142755
8,0.13755389605019544
9,0.1441669645341667
