epoch,train_loss
0,9.297006435394287
1,6.897897806167602
2,6.532878875732422
3,6.352439556121826
4,6.083849897384644
5,5.833543748855591
6,5.6364030838012695
7,5.475873003005981
8,5.342412042617798
9,5.263628015518188
10,5.162406816482544
11,5.126504249572754
12,5.066842193603516
13,5.004941701889038
14,4.9591945552825925
15,4.928337097167969
16,4.889476013183594
17,4.859283542633056
18,4.827211942672729
19,4.7982103061676025
