epoch,train_reward
0,0.017293297493815772
1,0.009723222098400583
2,0.02446089584400397
3,0.044083537666592745
4,0.45008048380725085
5,0.9886159181594849
6,0.9947230124473572
7,0.9659929847717286
8,0.9103905701637268
9,0.8754096698760986
10,0.9603234219551087
11,0.8708265030384064
12,0.8126150965690613
13,0.7719532287120819
14,0.8331585574150085
15,0.9131361317634582
16,0.8372237074375153
17,0.823530706167221
18,0.8066876864433289
19,0.79823157787323
