epoch,train_reward
0,0.18039031901505884
1,0.08844551171369112
2,0.07904280881556841
3,0.0876154610635461
4,0.05888683206678645
5,0.08460192301788845
6,0.0784965885618517
7,0.0841499604704278
8,0.09229333332932747
9,0.08208741796379154
