epoch,train_acc
0,0.1651831567235593
1,0.2272558461348746
2,0.2562140642714612
3,0.2752059415955688
4,0.2932687461420859
