,BLEU,ROUGE_1,ROUGE_2,ROUGE_L,METEOR
0,0.10326155406674263,0.27455857687173774,0.15433106290203893,0.2593813691864285,0.20847847907580616
