epoch,train_loss
0,8.927021955667788
1,4.5272209946689115
2,4.484493371212121
3,4.42464576318743
4,4.153731323653199
