epoch,train_reward
0,0.5414553073252626
1,0.5437482839949872
2,0.583273609412372
3,0.610294061042912
4,0.6185563471247719
