epoch,train_acc
0,0.09153657294788975
1,0.09355736808857547
2,0.10135870033929913
3,0.10166531349953903
4,0.10423769172021195
