,BLEU,ROUGE_1,ROUGE_2,ROUGE_L,METEOR
0,0.054022568844235,0.2928930781836843,0.21329757042812572,0.28793598727223507,0.18184707020158297
