epoch,train_loss
0,24.05571776795735
1,56.737899831649834
2,85.56172839506173
3,106.61489898989899
4,110.14092312008978
