epoch,train_reward
0,0.7255249602007278
1,0.7744598753925928
2,0.7690609972484986
3,0.7760001390202412
4,0.7708375753644607
