rl_model,dropout,dropout_rate,train_acc,train_reward
xglm_large,None,0.0,0.279850074118867,0.3907527351941423
xglm_large,quantile,0.8,0.2917488468754635,0.412860905839403
opt_large,None,0.0,0.2045336985133971,0.4049619614486363
opt_large,quantile,0.8,0.3356190812980633,0.5638229729002227
