rl_model,dropout,dropout_rate,train_acc,train_reward
gpt2_large,None,0.0,0.1941280034873177,0.7995103873478864
gpt2_large,quantile,0.8,0.362152765350096,0.7214421724563201
