epoch,train_acc
0,0.17801490341486048
1,0.1890379767037538
2,0.1890506155530628
3,0.1920586618409012
4,0.19570129649267745
5,0.1963663424422961
6,0.19636148841801038
7,0.19176369496230236
8,0.19519018464415028
9,0.19688970621355936
