epoch,train_reward
0,0.3803446879862128
1,0.46626187686447623
2,0.44562203980780934
3,0.45549041704014614
4,0.45459799441668364
5,0.45655144791345337
6,0.44843313138227203
7,0.4537773972696012
8,0.46260107731496963
9,0.4607001383293856
