epoch,train_reward
0,0.3025536037444531
1,0.38239529997378857
2,0.3804975259411442
3,0.4047150591740737
4,0.40974744697948834
5,0.40845508376757306
6,0.40522117429488413
7,0.4214511966114646
8,0.42009726918495455
9,0.437899860712859
