epoch,train_acc
0,0.5587759261174052
1,0.5973970002657629
2,0.5998715416198354
3,0.6007322032889978
4,0.6002697581132965
5,0.6014106885734695
6,0.6012577075060173
7,0.6002207107073523
8,0.5980451240667848
9,0.5983569231803108
10,0.5965830539374074
11,0.596110098030535
12,0.5960692244794871
13,0.5962443966502031
14,0.5945242432200856
15,0.5921127598381898
16,0.5923871921851496
17,0.5941633977697569
18,0.5932151549600165
19,0.5927165075802482
