epoch,train_reward
0,0.547579393659472
1,0.5817869498056146
2,0.5967499289010137
3,0.5979251703873878
4,0.5970740426548928
5,0.5996186289552081
6,0.5968667474562812
7,0.6013046454955644
8,0.6083031510558363
9,0.6248127398469523
10,0.6204173754683524
11,0.6178699702425388
12,0.6133126440069601
13,0.6176219366056502
14,0.6198113707683546
15,0.6126251993157938
16,0.6116988715034963
17,0.6148622305938481
18,0.6202628893167983
19,0.6151038154358287
