epoch,train_loss
0,4.07748850257942
1,3.0918595790863037
2,3.054008435775346
3,3.0440186534761846
4,3.0365031813292225
5,3.042574759556039
6,3.053910795348642
7,3.0580780826876515
8,3.061824143200177
9,3.065116162791915
10,3.0728171951567647
11,3.0766406508304613
12,3.0822918233315506
13,3.0919883689538246
14,3.102768379476573
15,3.1072821125321326
16,3.1033988864967106
17,3.1104463376271885
18,3.11376421975448
19,3.1292861919232013
