epoch,train_reward
0,0.49604334745706463
1,0.4984818491165948
2,0.4969634294777173
3,0.5132175895130687
4,0.5177297989081909
5,0.5372819563733088
6,0.54254096118324
7,0.5319250830085823
8,0.5401785906922122
9,0.5511260033990235
10,0.5576312281358402
11,0.5606485284497386
12,0.5490601593336182
13,0.5593064254976708
14,0.5708425107825498
15,0.5752473808992069
16,0.5572739772732482
17,0.5690048434541899
18,0.5709497798985964
19,0.5636811778951654
