epoch,train_loss
0,4.967300479187559
1,3.736452349632845
2,3.6937686595146966
3,3.705913144911351
4,3.8493739735385226
5,3.8974365888689664
6,3.995678627972111
7,4.0267925722182065
8,4.195043155430678
9,4.283154274850683
10,4.487232456292807
11,4.230447285913031
12,4.206116508475334
13,4.429569707323083
14,4.148036409386605
15,4.380377163266922
16,4.628403287297407
17,4.551639165578936
18,5.062918393601216
19,4.334552809796525
