epoch,train_acc
0,0.1357428776369812
1,0.14803975274460685
2,0.15315171257312443
3,0.15471708848125681
4,0.15733301032895838
