,BLEU,ROUGE_1,ROUGE_2,ROUGE_L,METEOR
0,0.0812277279301684,0.28375888306943386,0.18464299778554932,0.2741439787128733,0.18932830845905213
