epoch,train_loss
0,14.647052118406284
1,26.55150462962963
2,46.3442760942761
3,56.38250561167228
4,58.5005260942761
