epoch,train_reward
0,0.28120072606813024
1,0.44994683695829546
2,0.4738434546456728
3,0.46791448456671103
4,0.45770125119506844
