epoch,train_acc
0,0.1301366153819051
1,0.1438761683261765
2,0.14999456770271832
3,0.1513721344214625
4,0.1556111335752342
