,BLEU,ROUGE_1,ROUGE_2,ROUGE_L,METEOR
0,0.07903862206565454,0.2914466028264731,0.19143717730390486,0.28146363461984736,0.19599435809363452
