epoch,train_loss
0,15.661576704545455
1,32.52895272166106
2,53.29812008978676
3,62.773989898989896
4,64.94886363636364
