epoch,train_reward
0,0.10322906812036245
1,0.2379494257078963
2,0.3112943310094067
3,0.33540627579429466
4,0.3501206914383153
