epoch,train_reward
0,0.9696567738056183
1,0.968908509016037
2,0.9834019339084625
3,0.9831289827823639
4,0.9857671105861664
5,0.9895437645912171
6,0.9850598788261413
7,0.989354339838028
8,0.9915414583683014
9,0.9926945078372955
10,0.9919715964794159
11,0.9906100332736969
12,0.9906806361675262
13,0.9891171824932098
14,0.9873020219802856
15,0.9912812662124634
16,0.9907410621643067
17,0.9924453902244568
18,0.9920790112018585
19,0.9893566262722016
