epoch,train_acc
0,0.3336939814400178
1,0.27496422141666693
2,0.2103261833758994
3,0.1828647828491106
4,0.17290681838318855
