epoch,train_loss
0,3.7779418076042726
1,4.467985042599186
2,5.900372742878942
3,6.967192268565616
4,7.372726983723296
