epoch,train_reward
0,0.1993747474900461
1,0.23771072271548113
2,0.22085534534128126
3,0.19448610258763344
4,0.18641235857125701
