epoch,train_acc
0,0.16597068612810367
1,0.22937974388756296
2,0.24216858732592078
3,0.21570159206001321
4,0.19676516017398007
