,BLEU,ROUGE_1,ROUGE_2,ROUGE_L,METEOR
0,0.07264981061601523,0.27754916353837733,0.18188474142138328,0.26964331598204205,0.18458766351546227
