epoch,train_loss
0,8.647613285634119
1,4.522591365039282
2,5.303946583894501
3,8.60966873597082
4,12.629901445005611
