epoch,train_reward
0,0.5389826366579626
1,0.53790963033902
2,0.5944606431673137
3,0.66668384748811
4,0.7128017268130006
