epoch,train_reward
0,0.7381704015314846
1,0.6833636798131626
2,0.6658473644288666
3,0.6127009112471422
4,0.6466361761360425
5,0.6009757190007265
6,0.6115395502926523
7,0.6660931811338048
8,0.741031534936396
9,0.6499910001797526
10,0.6250150891964745
11,0.6493176344798819
12,0.626527301666448
13,0.580839376412165
14,0.5797737355724044
15,0.5761334345479717
16,0.5763797087786978
17,0.5816730704542767
18,0.5323087152076944
19,0.6950452981241081
