epoch,train_reward
0,0.564338535204062
1,0.5733539643843613
2,0.5919877338837081
3,0.6057650214353485
4,0.6040694175012443
5,0.6383319972876476
6,0.6355368059312282
7,0.6143452033333714
8,0.6179177528539581
9,0.6329950131642978
10,0.6316942189039136
11,0.6344554058104888
12,0.6257042680353327
13,0.6446843636410119
14,0.64545972063937
15,0.6600805192250307
16,0.6389542745902399
17,0.6502356841959761
18,0.6581767508801858
19,0.643723981262857
