epoch,train_acc
0,0.0724945045603718
1,0.09075524220670216
2,0.09904346246566981
3,0.10008049905126645
4,0.10125132753006469
5,0.10260610011963442
6,0.10566547127364254
7,0.10495577227895798
8,0.10572301636202784
9,0.10659988937752625
