epoch,train_loss
0,9.133092832565307
1,6.598644571304321
2,6.0654467010498045
3,5.7504590797424315
4,5.428541889190674
5,5.1455268383026125
6,4.951160287857055
7,4.800641212463379
8,4.669074258804321
9,4.581243972778321
10,4.521266193389892
11,4.444021215438843
12,4.382322435379028
13,4.322122316360474
14,4.278681516647339
15,4.222759685516357
16,4.181829805374146
17,4.136457505226136
18,4.092454657554627
19,4.061598310470581
