epoch,train_reward
0,0.002377719172727666
1,0.002523385249405692
2,0.0518711503315717
3,0.4684554598480463
4,0.9540582871437073
5,0.9239056873321533
6,0.7950721228122711
7,0.7418406540155411
8,0.7539650005102158
9,0.7689513421058655
10,0.738416069149971
11,0.6522827577590943
12,0.6153810971975326
13,0.6321420896053315
14,0.7410869729518891
15,0.6896955859661102
16,0.6343349575996399
17,0.6456244033575058
18,0.6986200296878815
19,0.7173913562297821
