epoch,train_acc
0,0.5166562509536743
1,0.5868802082538604
2,0.6096770823001861
3,0.6273229169845581
4,0.6333072984218597
5,0.6402447903156281
6,0.647677081823349
7,0.6489062511920929
8,0.6557552063465119
9,0.6570260441303253
10,0.6639166653156281
11,0.6679999935626983
12,0.6725364553928376
13,0.6675520813465119
14,0.6721093726158142
15,0.6726249992847443
16,0.6769322907924652
17,0.6779322910308838
18,0.6818593728542328
19,0.6817135369777679
