epoch,train_reward
0,0.9733605086803436
1,0.9817243301868439
2,0.9823430061340332
3,0.9822524905204773
4,0.9882662057876587
5,0.9823985993862152
6,0.9841668260097504
7,0.9838108158111573
8,0.9859803998470307
9,0.9878161334991455
10,0.9838053739070892
11,0.9842578852176667
12,0.9882668399810791
13,0.9858655345439911
14,0.9855970287322998
15,0.9891437923908234
16,0.989435042142868
17,0.9840645492076874
18,0.9827325165271759
19,0.9840486347675323
