epoch,train_loss
0,9.225384254455566
1,6.7080253219604495
2,6.229994068145752
3,5.9021382331848145
4,5.624361543655396
5,5.412837371826172
6,5.257422161102295
7,5.143833379745484
8,5.039770002365112
9,4.966634588241577
10,4.913039741516113
11,4.861549615859985
12,4.80801739692688
13,4.751104717254639
14,4.716212406158447
15,4.676518449783325
16,4.637290201187134
17,4.612788257598877
18,4.568555955886841
19,4.551676826477051
