epoch,train_loss
0,4.721112089582009
1,3.728729276373835
2,3.742402698734019
3,4.00459347739078
4,4.118626468252428
5,4.453036884270092
6,4.272728243676743
7,4.628420312805932
8,4.805375538250007
9,5.186817087749444
10,5.097339011654995
11,5.308436386656053
12,5.435799674232407
13,5.91616949704614
14,5.30639919668141
15,5.499698955233734
16,5.974164693662436
17,5.672138110245808
18,7.003967865858928
19,5.723148879438344
