epoch,train_loss
0,4.777407768061343
1,3.886799818731744
2,3.83918608678296
3,3.8343493468023735
4,3.828061887501601
5,3.8428662560980418
6,3.846590352165325
7,3.856848639757644
8,3.8598764573512057
9,3.8703942320271993
10,3.8718639863446156
11,3.8894246223261537
12,3.895979445076844
13,3.8956459145909466
14,3.910495855348527
15,3.913639062188666
16,3.9181477617255243
17,3.928704865844795
18,3.9284737687474407
19,3.933283396365931
