epoch,train_reward
0,0.4657602067953268
1,0.5210641285763727
2,0.5587989769441665
3,0.5734377842847542
4,0.5784544569227194
5,0.5990167765339394
6,0.5794601984355482
7,0.598961547885775
8,0.5972452326740385
9,0.6146778774368389
10,0.6289732694091283
11,0.6077080077654577
12,0.6227368207255821
13,0.6249285472615418
14,0.6212898127968536
15,0.6147914539538157
16,0.6273318374103495
17,0.6105974415492584
18,0.6203251192387979
19,0.6235371870844888
