epoch,train_acc
0,0.19352695212027082
1,0.22696071569160495
2,0.22934417092479398
3,0.22978792997753675
4,0.229368694226838
5,0.2299397418718167
6,0.22806894625516216
7,0.22829666473138494
8,0.22844030323851802
9,0.22883968576454797
10,0.22792764469112517
11,0.2286610143601627
12,0.22729119939119827
13,0.22766372367672857
14,0.22707866245855665
15,0.2277092673719731
16,0.22830600675713322
17,0.22709384366803106
18,0.2273005413501252
19,0.2269829036542653
