epoch,train_loss
0,4.689837906927271
1,3.7982684849623607
2,3.75653465232507
3,3.744765136273987
4,3.7491097514404843
5,3.7437363152012164
6,3.7625375980753537
7,3.758623714404256
8,3.754476056505212
9,3.7606633425828053
10,3.762949524438969
11,3.769357374430772
12,3.7763506628472707
13,3.7745988978398755
14,3.777788051040718
15,3.7800281208192286
16,3.7816536298247194
17,3.785926816709373
18,3.786909098047847
19,3.7879000683001873
