epoch,train_reward
0,0.5072309528164265
1,0.5517935083318719
2,0.5580960283632236
3,0.5636822386172855
4,0.5793318478515864
5,0.5905958852425819
6,0.5977878970148317
7,0.5992771329633858
8,0.6274088393946934
9,0.6125381631701516
10,0.6126362360646372
11,0.599349613414217
12,0.6087879068113763
13,0.5958170949610894
14,0.6004341244697571
15,0.610776392600996
16,0.6310438801087606
17,0.6302127210014069
18,0.6091860019572647
19,0.632958711530061
