epoch,train_acc
0,0.13183240253359227
1,0.143850018722162
2,0.15334589243977154
3,0.1539273031257794
4,0.1592434359189086
