epoch,train_loss
0,15.394399726430976
1,28.9769395342312
2,46.010504349046016
3,60.27427048260382
4,61.457947530864196
