epoch,train_reward
0,0.20947775474250918
1,0.3421825267014948
2,0.36059685502991534
3,0.37698474059803316
4,0.40217802614207754
