epoch,train_acc
0,0.00021333087145469055
1,9.172322757615574e-05
2,7.018541219840757e-05
3,0.00032630527485478746
4,0.0003910125937444542
5,0.0004850540110972905
6,0.0006468608244103721
7,0.0009780859229752325
8,0.0008860364453065026
9,0.0012697784156773238
