epoch,train_reward
0,0.7953837859158469
1,0.8089641961130766
2,0.826089460955988
3,0.8276717807396804
4,0.8372269656398509
5,0.8469366065346369
6,0.8363292665764837
7,0.8332062083305699
8,0.8423988344055591
9,0.8345269383770404
10,0.8448874050437813
11,0.8446518256522642
12,0.8577298167908546
13,0.845532233172124
14,0.8361509985262805
15,0.8513110132500676
16,0.8394221043822789
17,0.832495507922503
18,0.8507924401524043
19,0.8476638431006139
