epoch,train_acc
0,0.04788314781640426
1,0.12793677783395985
2,0.204811262243455
3,0.2390457407967879
4,0.2568842829896672
5,0.2703112107839915
6,0.28372009054268943
7,0.29546333554357584
8,0.3046913678103154
9,0.31089753576434487
10,0.3158402959309002
11,0.32367729048917787
12,0.32713876930203767
13,0.3306685748076675
14,0.33554945369758227
15,0.33838309613194795
16,0.3419361079093253
17,0.34290300088353676
18,0.34570699222017043
19,0.3491890982236012
