epoch,train_loss
0,6.772266350170173
1,5.255611131686975
2,4.587007786967967
3,4.274584283923159
4,4.08791454357676
5,3.9466586254610876
6,3.8321454229921397
7,3.7432133266241245
8,3.672100323261601
9,3.599164233349337
10,3.546420953061321
11,3.5005868578901387
12,3.459997825103231
13,3.425405548350646
14,3.3867986863202386
15,3.3452025215224466
16,3.319509946473754
17,3.3002894337814634
18,3.268185216601532
19,3.2525046768755015
