epoch,train_acc
0,0.31869293587355857
1,0.31867546246331635
2,0.32245131417857076
3,0.3330220771418013
4,0.33693017870739767
