epoch,train_loss
0,3.438043630751964
1,2.947274393237935
2,2.6721490074354657
3,2.698745265151515
4,1.676309536335578
