epoch,train_reward
0,0.42314975816593425
1,0.4582325898771468
2,0.47639493100704705
3,0.4866937049377112
4,0.4920984784561376
