epoch,train_acc
0,0.35239357572482727
1,0.3723223643748059
2,0.37963210507159095
3,0.3835416363679186
4,0.3854856718093432
