epoch,train_loss
0,3.5397618896236014
1,3.1874046286876907
2,3.3012183685147507
3,3.3479920364954223
4,3.2123859518056967
