epoch,train_reward
0,0.2528860930690688
1,0.27281915816352426
2,0.28441140536192355
3,0.29490462798977674
4,0.30333371972807305
