epoch,train_acc
0,0.19603068969366996
1,0.22190769791870374
2,0.2228454314673428
3,0.22253947100297217
4,0.22309533817351132
5,0.2240470850280582
6,0.22250910885130878
7,0.22166479769843575
8,0.2205986076539942
9,0.22139971038418502
10,0.22002755980855146
11,0.22058459454855042
12,0.21918091438543635
13,0.2198010091690739
14,0.2197426194032746
15,0.22050284938427364
16,0.2209489437764001
17,0.2188235704407029
18,0.22005091594206377
19,0.21932104817954948
