epoch,train_loss
0,4.641026423116436
1,3.8654869703968546
2,3.843126548245349
3,3.8429092740798745
4,3.842055982538403
5,3.8408331315079076
6,3.85105748775294
7,3.857763022050729
8,3.8647806291622966
9,3.858699589032229
10,3.8651684902174055
11,3.8720649913822056
12,3.882945062868264
13,3.8753162552957576
14,3.8775127532770814
15,3.8749903980391975
16,3.8785420650858518
17,3.886678324686572
18,3.883445612518242
19,3.8826708911245715
