epoch,train_reward
0,0.5697000728327063
1,0.6683491201144163
2,0.6891921959115785
3,0.7098745898815548
4,0.7109638725161018
5,0.7246978699893695
6,0.7225336496605467
7,0.7265941249415478
8,0.7317007534172503
9,0.7272008117538931
10,0.7314994490200094
11,0.7265975042308928
12,0.7441164490353366
13,0.7580082119847626
14,0.7537217589237231
15,0.7414928805667723
16,0.7476467679968863
17,0.750653078203244
18,0.7480881983923805
19,0.7569437115181722
