epoch,train_loss
0,6.372052740342546
1,4.299193558126393
2,3.8589646108079663
3,3.623495628338049
4,3.4662015662334933
5,3.339278758162319
6,3.2452714844505386
7,3.175516631343577
8,3.1075291610000155
9,3.045988110032412
10,3.0070985390408205
11,2.9672393208683125
12,2.9255897137198117
13,2.895825441520993
14,2.865068463995905
15,2.834831446704298
16,2.8097726826620573
17,2.788477300417305
18,2.763482209479455
19,2.7473271766511522
