epoch,train_acc
0,0.1291903695421493
1,0.12298419947000905
2,0.12537788456509372
3,0.12433913932079427
4,0.12584133037209125
