epoch,train_loss
0,22.730455597643097
1,28.85581509539843
2,34.75068392255892
3,41.03488005050505
4,43.7275182379349
