epoch,train_reward
0,0.4743433582662332
1,0.4524652108165418
2,0.45341863927215037
3,0.45254436566773487
4,0.4647583880876719
