epoch,train_acc
0,0.08455016826500807
1,0.17606502230124624
2,0.21327657890694024
3,0.23173813528544165
4,0.24713191283123376
5,0.256999719102821
6,0.2655467586132443
7,0.2715188248141464
8,0.27840410086071543
9,0.2838401529821045
10,0.2890870235693294
11,0.29240937938604655
12,0.29537439306220664
13,0.2987212723146105
14,0.302119535581948
15,0.3036516721740432
16,0.30510790358744394
17,0.30783001684287203
18,0.3092021657479718
19,0.30917530797522164
