epoch,train_loss
0,7.241904558087678
1,5.87271626433984
2,5.440024018822229
3,5.180784445707039
4,4.997272050968735
5,4.871829511873391
6,4.77219663286423
7,4.693512187410363
8,4.618547101726446
9,4.567708496555619
10,4.502468782690074
11,4.457047498814194
12,4.437344067834418
13,4.398854963448016
14,4.355924561419295
15,4.333686749496802
16,4.32512136425138
17,4.277842838133397
18,4.257373623783813
19,4.258995318092039
