epoch,train_reward
0,0.12063127764471443
1,0.38848306325519033
2,0.5667255417915738
3,0.6947835690504767
4,0.6584996852372259
5,0.7302917701781063
6,0.7275622823847784
7,0.7302471198843199
8,0.7477043134749203
9,0.7550545674268441
10,0.7024534176283354
11,0.6928811292477253
12,0.7226048830913321
13,0.7191662764335427
14,0.7374273682923594
15,0.716942402012145
16,0.7420693074641206
17,0.7318938069813989
18,0.7244385082625487
19,0.7381226743817864
