epoch,train_reward
0,0.14281283802774852
1,0.010943047748005483
2,0.02476536957648932
3,0.19235980847850442
4,0.9205191451311111
5,0.9894087791442872
6,0.9962356317043305
7,0.972489914894104
8,0.92400843501091
9,0.9370168459415436
10,0.9419394326210022
11,0.9313759803771973
12,0.8327746438980103
13,0.8035836434364318
14,0.8398223125934601
15,0.8802026069164276
16,0.8990589833259582
17,0.8794079232215881
18,0.9085759580135345
19,0.8801500141620636
