epoch,train_reward
0,0.584154101898852
1,0.6098954330110764
2,0.6427377360818632
3,0.637512394932888
4,0.6685990218089835
5,0.666638952466939
6,0.6627499952979152
7,0.6703460737728751
8,0.6711131291539145
9,0.6537571084338988
10,0.6782281903942604
11,0.6460938178370351
12,0.6700677115286412
13,0.6665513218785615
14,0.6744050129646678
15,0.6949855222830323
16,0.662597472357643
17,0.6706255920264753
18,0.6802250705492336
19,0.6869638139891517
