epoch,train_acc
0,0.09839545967132521
1,0.19863018460337892
2,0.24168535124827928
3,0.2652151062082282
4,0.2813457586038273
5,0.2938013830527062
6,0.30230754774247587
7,0.3083496818093441
8,0.31508431386519975
9,0.32125140158584836
10,0.3254893019862239
11,0.3294656201862968
12,0.3329981784649494
13,0.33527302862282826
14,0.33858254084138056
15,0.3412112295627594
16,0.3430259719557826
17,0.34600616557181146
18,0.3488987764435499
19,0.3490926289237668
