epoch,train_loss
0,7.01964875935439
1,5.462064332491614
2,4.9780637522983975
3,4.683029777800556
4,4.497183252343148
5,4.354670026377177
6,4.2483383315561065
7,4.16584695294299
8,4.084725459060327
9,4.022033426259131
10,3.960831753341606
11,3.914927727438409
12,3.887737791634461
13,3.8572046436001903
14,3.8080678381727417
15,3.7793457732606894
16,3.7672012589972117
17,3.721603043945381
18,3.693720959761752
19,3.6899922963215097
