epoch,train_reward
0,0.15870730637368066
1,0.4078219750804217
2,0.5408873432420295
3,0.6237040342504133
4,0.6388030101632858
5,0.6664183306854402
6,0.635409975800279
7,0.6440388111255628
8,0.6419647938734747
9,0.6563753648723722
10,0.641133750233415
11,0.6399327477799402
12,0.6260168782264128
13,0.6343798610661596
14,0.6436881537929244
15,0.6376818693806773
16,0.6473921235366787
17,0.6452414024571133
18,0.6324674682232296
19,0.643100194332311
