epoch,train_acc
0,0.14503076713708815
1,0.15371063663771597
2,0.1613074630049185
3,0.16128998469702643
4,0.16484958985751166
