epoch,train_loss
0,11.214545629910214
1,21.71518571127946
2,41.44042859147026
3,56.20270412457913
4,59.5866652637486
