epoch,train_reward
0,0.09936416813947979
1,0.24928794481805144
2,0.33099683473674807
3,0.35900157430824875
4,0.36071146380754165
