epoch,train_loss
0,7.117523364422032
1,5.629143389885735
2,5.131551182323507
3,4.837161945120636
4,4.646139628149469
5,4.501825790234211
6,4.395725256658991
7,4.295606189779102
8,4.217415005636857
9,4.13809369070113
10,4.084271207518642
11,4.036301933596487
12,3.9951867458531676
13,3.9598617724773595
14,3.9106460002505727
