epoch,train_reward
0,0.13175186163624708
1,0.5671200293863835
2,0.6488492225584962
3,0.7005093634930427
4,0.6554988224410155
5,0.6454078679394829
6,0.6736183559413448
7,0.6611659660467653
8,0.6427260067965418
9,0.6376581761334509
10,0.6498391419782766
11,0.6766291490584746
12,0.6834720373153687
13,0.6726938598359112
14,0.6525899260033406
