epoch,train_acc
0,0.3277297323297733
1,0.343064515661778
2,0.35724099474733323
3,0.3694663946753741
4,0.38097923552272694
