epoch,train_loss
0,3.3709622264309766
1,2.980036914281706
2,3.0995414211560046
3,3.1549961419753085
4,3.030169314674523
