epoch,train_reward
0,0.4110382536779483
1,0.4402782172466368
2,0.4511089381311344
3,0.4696155746376474
4,0.4821725946952464
