epoch,train_acc
0,0.22669562813721497
1,0.2647059513715351
2,0.2681953006261133
3,0.2666444790470226
4,0.266612949058614
5,0.26535290519752847
6,0.2653505688558245
7,0.2649873883333976
8,0.26412088921786425
9,0.26413840710314934
10,0.26274757140687766
11,0.26262495396115854
12,0.262043395050438
13,0.2602601826458234
14,0.2586474680579831
15,0.26031857181023055
16,0.25929559052257795
17,0.25994487948749095
18,0.2587689180678851
19,0.25932361733485765
