epoch,train_loss
0,4.258097646482322
1,3.3017708015014238
2,3.266054561854478
3,3.286405678821786
4,3.288656714785794
5,3.295865291971797
6,3.30360218548454
7,3.316876997327591
8,3.332622228716521
9,3.3405292301434573
10,3.3540695376460326
11,3.3630616055475757
12,3.3794328236259155
13,3.38433803357351
14,3.4017559936762924
15,3.4003769774073445
16,3.4072739789304176
17,3.407373427275585
18,3.413852249025764
19,3.4162097415581947
