epoch,train_reward
0,0.5672666347614853
1,0.6852043987389638
2,0.7094227826648764
3,0.7114309291668537
4,0.7099020414288268
5,0.7260824337668483
6,0.7335965649429458
7,0.7371786939723609
8,0.7445435785926511
9,0.7420059054956308
10,0.7477958269183411
11,0.7506534550756617
12,0.755862792243872
13,0.7524099758922251
14,0.7567919677148486
15,0.7642600985385912
16,0.7687594946724416
17,0.7673176056601007
18,0.7695504394881928
19,0.7519601575462272
