epoch,train_acc
0,0.13178856766473868
1,0.1475926666336819
2,0.15582434388752175
3,0.1554571740252047
4,0.159202180319486
