epoch,train_loss
0,15.551688762626263
1,31.072495791245792
2,49.8134294332211
3,64.29499859708193
4,65.32377595398428
