epoch,train_reward
0,0.22053119468719068
1,0.34559684185735573
2,0.3691753226966836
3,0.37810042881805084
4,0.39235833926099184
