epoch,train_loss
0,7.702720298423423
1,9.52880419481982
2,13.96266188063063
3,16.627111486486488
4,20.79884572072072
5,21.337802646396398
6,26.52195945945946
7,29.808488175675677
8,33.12943412162162
9,36.945453265765764
