epoch,train_acc
0,0.20365984714276789
1,0.23438551053070703
2,0.23760510125769627
3,0.2385603514220148
4,0.23997921359645946
5,0.24076396687950255
6,0.23860005600035458
7,0.2390239629643915
8,0.23878339835079262
9,0.238937547054526
10,0.23785734323642713
11,0.23789471254220457
12,0.23682151534364898
13,0.23712630817173844
14,0.23668955473621864
15,0.2369289524485712
16,0.23738322129698614
17,0.23601807754135987
18,0.23636140677693712
19,0.23612668181481383
