epoch,train_loss
0,4.545855048526028
1,3.6769680068097306
2,3.624275093121379
3,3.597587134271459
4,3.589855204783213
5,3.5776459529260882
6,3.585517266406072
7,3.580519243206144
8,3.579127358748774
9,3.578660524479477
10,3.5839545523639216
11,3.5854353894032704
12,3.5878624627408424
13,3.5866453401710956
14,3.5911112280704516
15,3.589932021538773
16,3.593633046599247
17,3.5988509526701784
18,3.597393265754118
19,3.5959251728827644
