epoch,train_reward
0,0.5505014975375658
1,0.6460045383650092
2,0.6615223863199687
3,0.6763512941219347
4,0.6783682094561145
5,0.6868806909018034
6,0.6935240548822378
7,0.692803056785344
8,0.7012034387331907
9,0.7029605793846028
10,0.7017317149671204
11,0.7090133476684981
12,0.7209494236873404
13,0.727054491973244
14,0.7275368365471673
15,0.7115843555317866
16,0.7192320609841112
17,0.722797507929695
18,0.7266267369680875
19,0.7285424339931642
