epoch,train_acc
0,0.35058531173370217
1,0.3686196654228136
2,0.3751967369458617
3,0.37943671895104
4,0.3817345163067699
