epoch,train_loss
0,3.569116384791455
1,3.259374205239064
2,3.393396728763988
3,3.4408260745167856
4,3.2940834022126144
