epoch,train_reward
0,0.3588510522977018
1,0.36710542446477973
2,0.37460241966245134
3,0.37734642156446213
4,0.3786048626760258
