epoch,train_acc
0,0.06136374274110046
1,0.12115213949851392
2,0.1602741970342371
3,0.18128503377929397
4,0.19691820870333188
5,0.20723911658798097
6,0.21738252077134734
7,0.2250011677565596
8,0.23409122783239647
9,0.2394116683257535
10,0.24381306012382423
11,0.2490284011235686
12,0.25309930842018985
13,0.2557770470199029
14,0.2578965801695537
15,0.25988882586293155
16,0.2622208995535769
17,0.2649068105381166
18,0.27046781597917924
19,0.26934907488491505
