epoch,train_loss
0,7.387416843876176
1,6.26641118045345
2,5.904367966502237
3,5.660073609630088
4,5.520207236165958
5,5.383102789053468
6,5.289297937812292
7,5.201147222732749
8,5.124976374108695
9,5.056342668062903
10,5.018105216090454
11,4.955091170665929
12,4.936579492594629
13,4.903877692372275
14,4.871131127190697
15,4.844602144352524
16,4.821768632384159
17,4.799046178569708
18,4.766706043294727
19,4.747328775346012
