epoch,train_reward
0,0.14142458441546146
1,0.6719376642607787
2,0.7994575578001047
3,0.8438579244998539
4,0.8458502760382511
5,0.8467627352128649
6,0.8405297687235435
7,0.8300459625475075
8,0.8276833342597089
9,0.8095441685129174
10,0.8278559090845253
11,0.8432305719820373
12,0.790403362614157
13,0.7704290060719032
14,0.8055715900365548
15,0.7800889106074791
16,0.7971082091866053
17,0.7961508768021793
18,0.7391135449366719
19,0.7805850588687332
