epoch,train_acc
0,0.25859958928437576
1,0.29302830720161643
2,0.29745188716281157
3,0.29863719274644895
