epoch,train_loss
0,3.8032517112424022
1,2.9404010676482333
2,2.8874571868656997
3,2.868104261133168
