epoch,train_reward
0,0.4465804638616707
1,0.4951497861622695
2,0.5222660472842076
3,0.5238389998273465
