epoch,train_reward
0,0.3097710602052577
1,0.38153660136300166
2,0.40635015755086334
3,0.4239196244392309
4,0.430394586142119
5,0.4199967080945367
6,0.42033131058151657
7,0.4223981386906392
8,0.43065966518075616
9,0.424764387645163
