epoch,train_acc
0,0.1683852211682144
1,0.181170953494981
2,0.187868093761506
3,0.18800117293235108
4,0.18933348543482287
5,0.18979139368406966
6,0.1905100786442966
7,0.18772773545275348
8,0.1888673233955397
9,0.18712468815034267
