epoch,train_acc
0,0.06213644796078748
1,0.20095013377099935
2,0.255522895567488
3,0.2820209368768305
4,0.3011667179589224
5,0.3158235359604996
6,0.3269389438452107
7,0.33535865273806126
8,0.3442901709292195
9,0.34948432430772497
10,0.35390367130241773
11,0.36004666910313143
12,0.36324644295295866
13,0.3665996288309003
14,0.3715939555722888
15,0.37289346105391435
16,0.37823329172512093
17,0.37931879071315916
18,0.3811391296953258
19,0.38222591888786545
