epoch,train_loss
0,6.6243013509429325
1,4.732394360079624
2,4.148777560432358
3,3.8904813126762314
4,3.713572110279952
5,3.5758291258670316
6,3.473099928091068
7,3.3933446702390615
8,3.321502421161916
9,3.2579214242425296
10,3.2064602127169617
11,3.1650424086221376
12,3.12892739961643
13,3.093938697682749
14,3.0570003585060044
15,3.0255823336025274
16,2.996321178898953
17,2.9755351366383014
18,2.949848244685938
19,2.942044184939696
