epoch,train_reward
0,0.6247036448209593
1,0.5522613135526085
2,0.6906497096366221
3,0.7565040234291908
4,0.7969716843402032
5,0.8132846140035308
6,0.8391993110722834
7,0.8469840376683981
8,0.8605400769427272
9,0.8627660442696939
10,0.8671012128343677
11,0.8705412766130844
12,0.8679727944407133
13,0.8794643749104868
14,0.8802817989103865
15,0.8905850890839454
16,0.8888831858587737
17,0.8901679967299546
18,0.8933426932533188
19,0.8931192227519384
