epoch,train_loss
0,7.195721403900284
1,5.823817278772192
2,5.3793253642026615
3,5.088570973263728
4,4.873285184526657
5,4.710392547829803
6,4.594911648019012
7,4.4824557090554
8,4.38105785044854
9,4.297997624350236
10,4.230835805559372
11,4.172698330986125
12,4.119528416560905
13,4.0723245796066765
14,4.031595926113727
15,3.9960297276620906
16,3.96332931732383
17,3.92596096949727
18,3.888249770408254
19,3.875869697519482
