epoch,train_acc
0,0.17621771717278398
1,0.2346413973797755
2,0.2708303660433098
3,0.29267306730547954
4,0.3061012630623641
