,BLEU,ROUGE_1,ROUGE_2,ROUGE_L,METEOR
0,0.10759808798206666,0.2849329574488908,0.15941554826984708,0.26756718242418615,0.21303452604342926
