epoch,train_loss
0,8.30541087962963
1,4.3520491372053876
2,4.300715488215488
3,4.233112373737374
4,3.9795217803030303
