epoch,train_reward
0,0.22123345966826116
1,0.3462542344290266
2,0.4135786974938496
3,0.4386575550810924
4,0.4425275385145654
