epoch,train_acc
0,0.3267398750475266
1,0.34056331666824113
2,0.35153824742911216
3,0.3636329769909972
4,0.3714231657721574
