epoch,train_loss
0,3.3874421296296298
1,3.0080821233164983
2,3.1283757716049383
3,3.187109813411897
4,3.0628989548260384
