epoch,train_reward
0,0.408034045688231
1,0.418489853858814
2,0.42217127656026854
3,0.4285501870175136
4,0.42730794074358763
