epoch,train_acc
0,0.1438918911019135
1,0.13999278283872874
2,0.13968598597615214
3,0.14589993514181465
4,0.1505340470056752
