epoch,train_loss
0,10.591297689205955
1,37.74335549782879
2,51.310348169975185
3,57.22625232630273
4,60.305462934243174
