epoch,train_reward
0,0.6938148205984319
1,0.7310465726234185
2,0.7281917097698666
3,0.7134479811558356
4,0.714582696815874
