epoch,train_reward
0,0.7836312692944366
1,0.8027954234345125
2,0.8036201130045523
3,0.8112393567467681
4,0.8114278443378977
5,0.8106931728301662
6,0.8232682468277392
7,0.8165067868067486
8,0.8233179016278522
9,0.8365868102796007
10,0.8202476050003921
11,0.8331088341108643
12,0.8260954001752456
13,0.8283182878305416
14,0.8466748922768206
15,0.8480938655315059
16,0.8427524141745992
17,0.8319429522103602
18,0.8427873472175976
19,0.8467257055315641
