epoch,train_loss
0,4.77498134476187
1,3.8805944417089626
2,3.842803790430317
3,3.8392379978847075
4,3.835865673997477
5,3.8453661005593203
6,3.8555630718111455
7,3.8636150231810427
8,3.8692289115067555
9,3.875501647658412
10,3.8813585529412924
11,3.8983654452011725
12,3.905970024955647
13,3.902222672920056
14,3.919175904962514
15,3.925199443449354
16,3.9275151100928474
17,3.9377386163702996
18,3.9403015113197633
19,3.941956330842501
