epoch,train_reward
0,0.47357895345564915
1,0.5228493526377486
2,0.5546065482056194
3,0.5725728265373161
4,0.5781612404258797
5,0.5952523159606574
6,0.58088133180088
7,0.5971542523313531
8,0.5959950907347983
9,0.6090256141440216
10,0.6361961950101125
11,0.600791245164358
12,0.6246104686784103
13,0.6271545042371536
14,0.6305088307290868
15,0.6269413577601514
16,0.6240043359487046
17,0.6080492037294157
18,0.633842953117439
19,0.6171233616602261
