epoch,train_acc
0,0.0020858246407590487
1,0.00587995638246751
2,0.007601561786524314
3,0.011141750489996305
4,0.010499801212287772
5,0.009799869246589848
6,0.011482928505644743
7,0.013057124621734749
8,0.012190331736527232
9,0.013130482501754092
