epoch,train_reward
0,0.5608582677060713
1,0.5682717484209036
2,0.5683067515826546
3,0.5633251397064448
4,0.5954414393602465
5,0.6064016649274013
6,0.6088009177302032
7,0.6133873663141054
8,0.6096293220605551
9,0.6284559259500204
10,0.625216785300473
11,0.6142895563835521
12,0.599498628367223
13,0.5942346370808212
14,0.6031691684583912
15,0.6120327091003213
16,0.6291155486363467
17,0.6135311848379571
18,0.6139890487418581
19,0.6190134947075437
