epoch,train_acc
0,0.06548892369389438
1,0.07896832556237685
2,0.08591039541381858
3,0.09062783318805283
4,0.09322217777858612
