epoch,train_loss
0,38.50455948372615
1,68.43118686868686
2,96.46587401795735
3,112.60016835016835
4,115.70784231200898
