epoch,train_reward
0,0.7169234098074279
1,0.7873804426755167
2,0.7805957736658595
3,0.7816087738030687
4,0.7843448244762742
