epoch,train_acc
0,0.1502908263177989
1,0.16751835779934815
2,0.169210268149531
3,0.16879248069047936
4,0.16881846184112811
5,0.1725682013538384
6,0.17036249104828544
7,0.17297630079122442
8,0.1721098401207913
9,0.1725911535955616
