epoch,train_reward
0,0.7074167047863575
1,0.720272569217492
2,0.7340109383881982
3,0.7417221807721835
4,0.7469704465486517
5,0.7427004406701273
6,0.7521663216216055
7,0.7546477916821912
8,0.7664827327823165
9,0.7564548079054154
