epoch,train_loss
0,9.290310274669379
1,8.867775623092573
2,8.484700851983723
3,8.869158507121059
