epoch,train_reward
0,0.16826032330248872
1,0.16823766039095114
2,0.16806403885946997
3,0.16868500299713862
