epoch,train_loss
0,7.065531716417911
1,6.882501554726368
2,6.920728389303482
3,6.920981032338308
4,7.345246424129353
5,6.74961131840796
6,7.359102922885572
7,7.090776585820896
8,8.071808924129353
9,8.05859375
