epoch,train_acc
0,0.22845665177731303
1,0.2628713556870217
2,0.26694460026084577
3,0.26755068040214847
4,0.26877218839031697
5,0.2654404880754616
6,0.2649441800443581
7,0.26268801400479713
8,0.26083473460289397
9,0.2605894991100636
10,0.2586065955092554
11,0.25887635457141517
12,0.2593306242216863
13,0.25770623133321513
14,0.2566423753585516
15,0.2543967214534101
16,0.254808949515424
17,0.253891069057811
18,0.2515414797538065
19,0.251610379515742
