epoch,train_loss
0,4.595716932963898
1,3.418670662850008
2,3.382705256543352
3,3.376290330972372
4,3.3846572632212277
5,3.4164741360018605
6,3.4324143841662216
7,3.483899679953742
8,3.483997027435645
9,3.503021977942086
10,3.5179236908130047
11,3.5438362589866057
12,3.5681064118184316
13,3.5622373856771152
14,3.591236059975731
15,3.6291275377230794
16,3.6409282352892274
17,3.6512220857389304
18,3.6993825082821696
19,3.7059263327731147
