epoch,train_reward
0,0.023334626334945898
1,0.012802061169143574
2,0.06211137956120798
3,0.08760629574189314
4,0.14096063657386884
5,0.10757193049869022
6,0.17516796270737778
7,0.14115676102606026
8,0.15015919506549835
9,0.19895487318973284
