epoch,train_acc
0,0.17054291075431055
1,0.22453775507158522
2,0.26086073910008545
3,0.2855504128412479
4,0.30244761796177255
