,BLEU,ROUGE_1,ROUGE_2,ROUGE_L,METEOR
0,0.10695511463850163,0.2833762927917735,0.16010573572906936,0.2664422418638692,0.20821554627086455
