epoch,train_loss
0,8.788514485129069
1,4.504327125420875
2,4.420835963804714
3,4.3277150848765435
4,4.043084929152638
