epoch,train_reward
0,0.32544890531118204
1,0.47035128717738234
2,0.47764385094412515
3,0.4632276735455634
4,0.4632771180401212
