epoch,train_acc
0,0.16570693054016086
1,0.21199648014974
2,0.23160079266812983
3,0.24770303096325866
4,0.2570344345955119
