epoch,train_loss
0,10.371431327160494
1,4.86956369248036
2,4.788304047418631
3,4.72315603956229
4,4.457899305555555
