epoch,train_reward
0,0.22201892853151134
1,0.38573412734316925
2,0.4905391650234676
3,0.5562240564662599
4,0.5774460089394006
