epoch,train_acc
0,0.15326329537106176
1,0.15750098024155376
2,0.16390613485731859
3,0.16353912622897215
4,0.16742711513872083
