epoch,train_loss
0,10.857459140011223
1,19.885855078563413
2,39.96254208754209
3,55.37054573512907
4,59.09774831649832
