epoch,train_reward
0,0.20921461167928213
1,0.3495051874857559
2,0.38881021789897036
3,0.39396960700534944
4,0.4011939884436251
