epoch,train_acc
0,0.16042537904383875
1,0.2081703023715354
2,0.23125207389260408
3,0.24879294845212585
4,0.2611334158156963
