epoch,train_loss
0,10.192191007295174
1,4.839878822951739
2,4.79207438973064
3,4.726053942199775
4,4.450270938552189
