epoch,train_reward
0,0.5810959072559905
1,0.552784996067501
2,0.5982322504557879
3,0.6452976389632348
4,0.6831901864170626
