epoch,train_acc
0,0.15585873573813616
1,0.18015336691522207
2,0.19253960809828435
3,0.20176245048931213
4,0.20840715090857953
5,0.20545572574240598
6,0.20498989246921134
7,0.20728687527545467
8,0.20599800849121175
9,0.20119374718919963
