epoch,train_acc
0,0.3375545068860412
1,0.36560621482111055
2,0.37970234294428146
3,0.38808573328184187
4,0.3917483131109819
