epoch,train_loss
0,3.3458521850448935
1,3.0082180310044895
2,3.1488233024691357
3,3.222309904601571
4,3.1167183992704826
