epoch,train_reward
0,0.42927710335664077
1,0.45023702815860744
2,0.45696956852469783
3,0.4607518962202918
4,0.46902447888746807
