epoch,train_acc
0,0.07899033062727996
1,0.1740797828264835
2,0.21445721200763376
3,0.23908585590631973
4,0.2568584166032851
5,0.2676592859452081
6,0.2765192916040463
7,0.2808471138969131
8,0.2883945257139847
9,0.29175074739306495
10,0.2953043264658462
11,0.30029077888069666
12,0.304097766833455
13,0.30612154325027635
14,0.3090293353983105
15,0.3110461038591616
16,0.31278610817520075
17,0.31512868952323503
18,0.31799444035029734
19,0.31771066838315787
