epoch,train_loss
0,7.167940631575648
1,5.7313549700339275
2,5.301485743757855
3,5.059289143224468
4,4.907366389116365
5,4.771531477102784
6,4.674058264146471
7,4.601517822710388
8,4.5252931684656525
9,4.4756875615483445
10,4.418862650747257
11,4.375720156682446
12,4.352486208415352
13,4.307935821635841
14,4.274850952251075
15,4.246800940132997
16,4.233467009035461
17,4.205261190910511
18,4.184953312168207
19,4.163715672599895
