epoch,train_acc
0,0.29222071174489156
1,0.29319853291596454
2,0.26811507472988155
3,0.24215227006847925
4,0.2305794607342673
