epoch,train_loss
0,3.595855788616625
1,3.730754691377171
2,3.9438222123138957
3,4.203825314050868
4,4.360654466501241
