epoch,train_reward
0,0.49858905914847373
1,0.4858477108975498
2,0.35125311693319905
3,0.2586785200012677
4,0.24354105357718528
