epoch,train_loss
0,9.310751152038574
1,6.7899159336090085
2,6.34812177658081
3,6.225818958282471
4,6.121741571426392
5,6.0185056495666505
6,5.874425096511841
7,5.746080341339112
8,5.613190364837647
9,5.497834148406983
10,5.4028371143341065
11,5.314196825027466
12,5.2308194065094
13,5.170916042327881
14,5.096171712875366
15,5.02858603477478
16,4.987195711135865
17,4.942071619033814
18,4.8886012268066406
19,4.847693691253662
