epoch,train_reward
0,0.9963320195674896
1,0.9955040776729583
2,0.9958353197574615
3,0.9957775950431824
4,0.99560351729393
5,0.9943218874931335
6,0.9684971642494201
7,0.9897647666931152
8,0.9974756896495819
9,0.99734330534935
10,0.9971098721027374
11,0.9969565832614898
12,0.9968546438217163
13,0.9977167105674744
14,0.9970928180217743
15,0.9962762403488159
16,0.9958819723129273
17,0.9958545768260956
18,0.9960429358482361
19,0.994693956375122
