epoch,train_loss
0,219.81165540540542
1,227.30349099099098
2,227.70326576576576
3,233.13063063063063
4,237.64132882882882
5,242.83502252252254
6,248.51576576576576
7,252.88344594594594
8,254.67511261261262
9,263.161036036036
