epoch,train_loss
0,4.904394824408629
1,4.072003079102179
2,4.0587884973517445
3,4.075046429185055
4,4.11804576946481
5,4.1418830567945815
6,4.152667258352442
7,4.162818900138273
8,4.172382921381382
9,4.198393069040615
10,4.1970410924321335
11,4.215689851564142
12,4.242476198170752
13,4.233874725119415
14,4.2608890276853275
15,4.267254521493954
16,4.277966454424666
17,4.292914341383451
18,4.295308470191443
19,4.297074726344224
