epoch,train_loss
0,20.683740545027327
1,122.99436323713549
2,319.2840974260085
3,527.6768558615505
4,759.6543922046624
5,775.6471421270087
6,1536.767643994624
7,1739.098599726611
8,1788.431218213374
9,2810.3078564936573
10,2135.5993404577275
11,3000.458039236541
12,3572.9422583249534
13,4176.995086972076
14,4641.714401396194
15,5439.951140450959
16,6129.373883237933
17,6634.216240911201
18,7283.119699006033
19,7989.772835608756
