epoch,train_acc
0,0.13674072335593204
1,0.15624184835323449
2,0.1430153343561998
3,0.14748799904018672
4,0.1509891221944661
