epoch,train_loss
0,11.43944827853598
1,10.240748100186105
2,39.82314283498759
3,54.45564516129032
4,57.32039004342432
