epoch,train_reward
0,0.6898777681234161
1,0.7297244081574101
2,0.7218036255972557
3,0.714834122222943
4,0.7209492486996332
