epoch,train_acc
0,0.17430985114501435
1,0.2003446294600113
2,0.20479811236966697
3,0.2071329830689024
4,0.2094330850626949
