,BLEU,ROUGE_1,ROUGE_2,ROUGE_L,METEOR
0,0.08962310176865336,0.28853973794623455,0.18151833340845888,0.27712298804466945,0.19522676305256784
