epoch,train_loss
0,8.300123632154882
1,6.6796173540965205
2,11.494660143097644
3,16.10887521043771
4,22.4785967312009
