epoch,train_reward
0,0.33579939348345117
1,0.4370016826925053
2,0.45476223734091425
3,0.47129056820965776
4,0.4924821535880049
