epoch,train_acc
0,0.10719813744259635
1,0.13448971595464776
2,0.13876513549729924
3,0.14762782003519898
4,0.14935977438259773
