epoch,train_loss
0,15.317506397332506
1,36.090018222704714
2,57.614492866004966
3,59.38056374069479
4,65.07787298387096
