epoch,train_reward
0,0.3016678500486071
1,0.4301400118260171
2,0.4351820648086278
3,0.43211369388378584
4,0.457029796119955
