epoch,train_acc
0,0.06660764606269524
1,0.07796557344036407
2,0.08546433738042135
3,0.08833961396016185
4,0.0916102620083352
