epoch,train_loss
0,40.34830948372615
1,68.78153058361391
2,93.09283810325476
3,110.66379068462402
4,115.55029461279462
