epoch,train_reward
0,0.7090141782004022
1,0.7879317268378004
2,0.7786744137270549
3,0.7813416568250903
4,0.7874058272300746
