epoch,train_acc
0,0.17322154675679
1,0.17065065217483688
2,0.1705964176438321
3,0.17196610458425027
4,0.17403783312971557
5,0.17192840027637646
6,0.1733857993826118
7,0.17525273129900612
8,0.17421777430426913
9,0.17376321478473858
