epoch,train_acc
0,0.18936932814194554
1,0.2346792496224441
2,0.23741491315978588
3,0.23947246276801176
4,0.23883947014513582
5,0.24082095729242456
6,0.24108008487094748
7,0.23993012611523712
8,0.24078485952450498
9,0.24142945557832718
10,0.24063402406945086
11,0.24163830420463392
12,0.23994817422463163
13,0.24083513788657612
14,0.23993399289279882
15,0.23996880134143453
16,0.24037231866380956
17,0.23985922048882682
18,0.2386551148968168
19,0.23948019742965698
