epoch,train_loss
0,4.65848437040159
1,3.504975427495371
2,3.468347394820487
3,3.45759913354817
4,3.457586140915899
5,3.4471046546898267
6,3.456016849763323
7,3.4595619794165735
8,3.462507620896443
9,3.459058945721919
10,3.4572595641164496
11,3.4652316534873284
12,3.463336206898831
13,3.461584222198713
14,3.4736719237695826
15,3.4627682147639813
16,3.465548370144155
17,3.46645461450709
18,3.4738983151936296
19,3.469740378974688
