epoch,train_acc
0,0.20942785664655195
1,0.21090655899283908
2,0.21051593427315796
3,0.2117419556373417
4,0.21214547244333984
5,0.2120462046696408
6,0.21200624019792763
7,0.21280811668032468
8,0.21253094054979854
9,0.21322839316165093
10,0.21373375660122032
11,0.21283647986036716
12,0.2153929461642067
13,0.21548189975247525
14,0.2142481437266463
15,0.21396452114723696
16,0.21431131432257075
17,0.21572684636800596
18,0.21636370665366106
19,0.21613809835202624
