epoch,train_reward
0,0.7654125672755855
1,0.8041274054805831
2,0.8123780170289596
3,0.8182161594971572
4,0.8220024586904167
5,0.8239014759512231
6,0.8303738304293982
7,0.8402442114778085
8,0.8405601464875854
9,0.845088772254415
10,0.8637870995715113
11,0.8592312046796968
12,0.8547735453242122
13,0.845833155778375
14,0.8592295186354382
15,0.8614083136072254
16,0.863794880043162
17,0.8544160794503618
18,0.8570419417159392
19,0.8574205822873824
