epoch,train_acc
0,0.3077465272090963
1,0.32439530158123486
2,0.3395742019110068
3,0.34842701850687485
4,0.3563787408337518
