epoch,train_loss
0,3.1025923736042182
1,3.020112825682382
2,2.9678655203163773
3,2.9380718827543424
4,2.917905745967742
