epoch,train_reward
0,0.7281390787945787
1,0.7683331978971846
2,0.7786060503635454
3,0.7816179381410774
4,0.7957142630670562
