epoch,train_acc
0,0.30159828320071386
1,0.2798186309700534
2,0.28088519426274566
3,0.2860829452801179
4,0.29042635404068234
