epoch,train_loss
0,7.082166950992556
1,4.034472898573201
2,3.253731777295285
3,3.2512867361972706
4,3.238184320719603
