epoch,train_reward
0,0.6273601426749904
1,0.6515076652206203
2,0.6714321781994391
3,0.6938810865429436
4,0.7036845528754052
