epoch,train_acc
0,0.09118437042017154
1,0.20105918346499113
2,0.24918955437538334
3,0.27438574314384717
4,0.2922937685598707
5,0.30513826667460625
6,0.3130488592145689
7,0.3199072775552091
8,0.32641068822599845
9,0.33283118442569615
10,0.33685654789343006
11,0.34119254390755044
12,0.34556123801411
13,0.34811402195772245
14,0.35115260701008444
15,0.35454736496300976
16,0.3567416384615706
17,0.3589779522119616
18,0.36206791860640314
19,0.3631644711366149
