epoch,train_loss
0,6.950069363341738
1,5.301094615405985
2,4.808914379154086
3,4.519777712800578
4,4.3323850054377395
5,4.186714790327132
6,4.081682870206277
7,3.992522556150975
8,3.9130901146362715
9,3.836016418687966
10,3.781462572080672
11,3.730957288913128
12,3.689644024511089
13,3.655519309065267
14,3.613209165265207
15,3.5774249207278537
16,3.552422008172279
17,3.5249250020681475
18,3.4894056084979277
19,3.475679101430782
