epoch,train_reward
0,0.2230319434488735
1,0.5783456920107384
2,0.6902033411333913
3,0.641681671677149
4,0.6621517143441957
5,0.6182798071025198
6,0.651257146901614
7,0.6416744560404208
8,0.6510398067166453
9,0.6287615515726029
10,0.6400151429154948
11,0.6369448082329446
12,0.6506277815910733
13,0.6488225628442293
14,0.6442391407329405
15,0.6400173266372339
16,0.63863242420915
17,0.6403810699958973
18,0.6442221167910794
19,0.6399851302394952
