epoch,train_reward
0,0.9702815425395965
1,0.9746981620788574
2,0.987031956911087
3,0.9879053056240081
4,0.9849753117561341
5,0.9840006077289581
6,0.9898628950119018
7,0.9852206933498383
8,0.9915049922466278
9,0.9893494629859925
10,0.9874600934982299
11,0.9876346957683563
12,0.989706357717514
13,0.9891467666625977
14,0.9931024777889251
15,0.9873844063282013
16,0.9906315290927887
17,0.9838385081291199
18,0.9897633945941925
19,0.9917035448551178
