epoch,train_reward
0,0.378416848947873
1,0.5347971994060654
2,0.5322589103703026
3,0.5248446119529707
4,0.5237529692617623
5,0.5279300552499187
6,0.5174139919313224
7,0.5372614209447895
8,0.5292368900400024
9,0.5434198520473532
