epoch,train_acc
0,0.13942408009745066
1,0.2093471361012802
2,0.24362661776830616
3,0.2659079624700289
4,0.27838748533023727
