epoch,train_loss
0,10.623168036600497
1,4.706241276364764
2,4.318243059863524
3,4.083848674007444
4,3.9332423813585606
