epoch,train_reward
0,0.335909036258536
1,0.49403348923764806
2,0.5954080527236977
3,0.6250643697625059
4,0.6405148331270029
