epoch,train_acc
0,0.3387736509727717
1,0.37138230799978167
2,0.3906890413961095
3,0.3966153188598888
4,0.400731788899686
