epoch,train_loss
0,3.3243108164983166
1,2.9903417859147026
2,3.132317094556678
3,3.2078050469977555
4,3.099795700056117
