epoch,train_reward
0,0.4426376025885444
1,0.47766645933374946
2,0.49415653254983133
3,0.517906090761007
4,0.5199980514686383
