epoch,train_loss
0,6.886569733042354
1,5.050538903394622
2,4.420206020765775
3,4.048409952711097
4,3.792381036441957
5,3.587683509818107
6,3.4384771932935503
7,3.3214652121334334
8,3.2196388159097578
9,3.134894840385882
10,3.0693863838777413
11,3.008951584854468
12,2.961840915038447
13,2.9183057199144575
14,2.8728719249434533
15,2.84148673305597
16,2.8118365570034145
17,2.7754324017084233
18,2.737015461173293
19,2.7251629530047086
