epoch,train_reward
0,0.3392699698963507
1,0.5912761662172095
2,0.6096592548182193
3,0.5129275570535874
4,0.4472104444632081
5,0.4315363199454252
6,0.3894582470970838
7,0.3889500961175414
8,0.3823218276147885
9,0.3730046449755339
10,0.36656564875033937
11,0.3561023056774396
12,0.3540500365030605
13,0.3441454197526513
14,0.35507381263067905
15,0.3547471081462142
16,0.3433633335101765
17,0.3465452638575849
18,0.34456177757459905
19,0.3359981441845274
