epoch,train_acc
0,0.005794915474091408
1,0.0022999175328883518
2,0.0024133663903172634
3,0.0025268152427034324
4,0.0022019389969248344
5,0.004702970319275403
6,0.012551567657841461
7,0.013245152613830448
8,0.013276093252150728
9,0.013025990078723666
10,0.013142017301835932
11,0.01335473394132044
12,0.013684766954917571
13,0.013258044552611242
14,0.012671462446912238
15,0.012942192651847801
16,0.012899649324873001
17,0.01258379742410956
18,0.012142893945853604
19,0.012619894772472948
