epoch,train_acc
0,0.08840501264180287
1,0.24240150575590605
2,0.2902021450866567
3,0.32036406819773194
4,0.33915016556730365
5,0.35254615264953953
6,0.3628596849370711
7,0.3705265063165438
8,0.3790480612528206
9,0.383489326380267
10,0.3889426051980198
11,0.39366749165081744
12,0.3965578588223693
13,0.4002668624467189
14,0.4041537756081855
15,0.4057949147011974
16,0.41039732998550527
17,0.41178320997422285
18,0.41459751438976516
19,0.41616517246359647
