epoch,train_acc
0,0.07338036318470681
1,0.08554150052468397
2,0.0932821063804449
3,0.09410235094189916
4,0.09764763737040501
