epoch,train_loss
0,39.50205176767677
1,75.04685746352413
2,101.80962401795735
3,117.39597362514029
4,120.04026374859708
