epoch,train_reward
0,0.7286117775020776
1,0.7789401976615358
2,0.7703479327738084
3,0.781751200941409
4,0.7846828798118531
