epoch,train_acc
0,0.0688278019972603
1,0.08265395360976366
2,0.09033571100231003
3,0.09210205276438757
4,0.09510756806751372
