epoch,train_loss
0,44.93671085858586
1,81.47267817059483
2,105.71362934904602
3,120.63888888888889
4,123.14506172839506
