epoch,train_reward
0,0.7243749708372067
1,0.7757626016667127
2,0.7714185679935579
3,0.785717063413057
4,0.785451027145557
