epoch,train_loss
0,6.646966757160603
1,4.7678945867141875
2,4.160422886952316
3,3.892183613068987
4,3.7150294285009404
5,3.5734347329281344
6,3.4694592043904975
7,3.3920605690172403
8,3.3161640887213224
9,3.2557337236876536
10,3.2005056992615804
11,3.1605798678823036
12,3.125974164150729
13,3.0888114046342303
14,3.0602957541399665
15,3.0264474472196974
16,2.9998713259649747
17,2.9787307175079194
18,2.956247887989082
19,2.9455219943924704
