epoch,train_reward
0,0.6101254513948271
1,0.5631598974070927
2,0.6722554742994875
3,0.754824687348734
4,0.784961189373885
5,0.8100020318928332
6,0.846583081944154
7,0.864779666803851
8,0.8661291823528781
9,0.8632485550819057
10,0.8727765493463762
11,0.8775721478580248
12,0.8728959238765264
13,0.878238332153547
14,0.8808038662565817
15,0.8794307263180761
16,0.8881865453602064
17,0.8810979195750586
18,0.8926634100994261
19,0.887753843375952
