epoch,train_acc
0,0.34254777657978797
1,0.31896279880143463
2,0.27624470374590854
3,0.2535403623192359
4,0.24298686274354106
