epoch,train_loss
0,3.652220562054934
1,3.7571349663021363
2,4.600302803916582
3,5.212034270091556
4,5.3881373982706
