epoch,train_reward
0,0.23858012872182463
1,0.22181386982648807
2,0.27849658195873
3,0.2929910117891046
4,0.30588763203407476
