epoch,train_acc
0,0.28054489464910815
1,0.28096353951018455
2,0.2808184939764215
3,0.280587130357234
4,0.28083172031570547
