epoch,train_loss
0,3.6095470494727047
1,3.721393746122829
2,3.724868660825062
3,3.7256319789081886
4,3.7212386592741935
