epoch,train_reward
0,0.5525692843695729
1,0.5525890526271635
2,0.5525705405041834
3,0.5525515294696202
4,0.5525424080732146
