epoch,train_acc
0,0.1292235553662778
1,0.13894834940943715
2,0.14801501564028163
3,0.14923418239875585
4,0.1544393192771025
