epoch,train_loss
0,14.41349256453423
1,25.965181327160494
2,43.17720608866442
3,57.924821127946124
4,60.022394079685746
