epoch,train_reward
0,0.08540078282157533
1,0.18393971686545177
2,0.27984382307489314
3,0.31104693907144765
4,0.33614130834939104
