epoch,train_acc
0,0.3222484823212752
1,0.2936767291398996
2,0.29721936737483534
3,0.30284454818499235
4,0.3059825327617027
