epoch,train_loss
0,7.184330281986532
1,4.079869879349046
2,3.297683869949495
3,3.2951016238776654
4,2.0266181783108865
