epoch,train_reward
0,0.412952296444195
1,0.42893477869622504
2,0.4150851288461257
3,0.4096818001717162
4,0.40596806832435556
