epoch,train_acc
0,0.12985951545268337
1,0.1433282096644715
2,0.15033704378450388
3,0.15094960572938537
4,0.15568915144818954
