epoch,train_loss
0,15.486518834175085
1,32.071285774410775
2,52.34268027497194
3,62.64685044893378
4,64.68693883277217
