epoch,train_reward
0,0.10068711883255974
1,0.22922273195953882
2,0.2990311819194543
3,0.33157412701116
4,0.35010618225626405
