epoch,train_reward
0,0.7107329895295719
1,0.7209086362088081
2,0.47940833637915037
3,0.4655159039072471
4,0.44848643213805583
5,0.47691066813941047
6,0.4467315201712127
7,0.5065506560967701
8,0.4619269295789228
9,0.5561214533477726
10,0.485640881822841
11,0.4913053804695016
12,0.46825548976954845
13,0.44687493278248475
14,0.4299162487582405
15,0.4029828109363518
16,0.4446260220933669
17,0.4143982088506812
18,0.47198534292159694
19,0.429643301385464
