epoch,train_acc
0,0.3053311586563518
1,0.3075634623277992
2,0.315069611682359
3,0.32632853593698913
4,0.3295936926021209
