epoch,train_loss
0,3.2326375426488836
1,2.759280978598015
2,2.5338670905707197
3,2.5674967044044665
4,2.599144114454094
