epoch,train_reward
0,0.7480027739596427
1,0.7732719618540543
2,0.770050207749194
3,0.7830530313345102
4,0.7970107700629506
