epoch,train_loss
0,9.20908579826355
1,6.598585214614868
2,6.0979705429077145
3,5.83742504119873
4,5.586436252593995
5,5.37978762626648
6,5.1711124992370605
7,5.013155479431152
8,4.874145603179931
9,4.756949796676635
10,4.661870155334473
11,4.5730453300476075
12,4.486863985061645
13,4.43011323928833
14,4.353538599014282
15,4.287951793670654
16,4.242023363113403
17,4.1967662334442135
18,4.143081936836243
19,4.0946179866790775
