epoch,train_reward
0,0.9957098317146301
1,0.9955402874946594
2,0.9934222686290741
3,0.9450812292098999
4,0.9887143254280091
5,0.9976975274085998
6,0.9970446527004242
7,0.9970845198631286
8,0.9969791805744171
9,0.9968808925151825
10,0.9923466122150422
11,0.9949831223487854
12,0.9947799932956696
13,0.9955201578140259
14,0.9954670798778534
15,0.9965071558952332
16,0.9961743032932282
17,0.9969625508785248
18,0.9975626862049103
19,0.9930807292461395
