rl_model,dropout,dropout_rate,train_acc,train_reward
xglm_large,None,0.0,0.3116017877928679,0.232106959096716
xglm_large,quantile,0.8,0.3102199373031835,0.3019480865812462
opt_large,None,0.0,0.2610050117734145,0.2123907905371361
opt_large,quantile,0.8,0.3845064499812291,0.2777987686142188
