rl_model,dropout,dropout_rate,train_acc,train_reward
gpt2_large,None,0.0,0.2009404208591218,0.6524757554903041
gpt2_large,quantile,0.8,0.3701081405247826,0.4729978152196415
