epoch,train_acc
0,0.15658038919488293
1,0.23548453898460003
2,0.27190001031828076
3,0.29007727254005455
4,0.2991807067932579
