,BLEU,ROUGE_1,ROUGE_2,ROUGE_L,METEOR
0,0.14222270252739702,0.3086415638338334,0.17932332847449767,0.2902395635471694,0.24218243446515575
