epoch,train_loss
0,8.70640605614144
1,4.324790632754342
2,3.9853636786600495
3,3.7928451651674937
4,3.665778148263027
