epoch,train_reward
0,0.4110581159554699
1,0.5607664550356475
2,0.6042062756293465
3,0.6094851641737794
4,0.6200363170124461
