epoch,train_acc
0,0.15080019774181494
1,0.22228195912750215
2,0.22097754258191793
3,0.22157835172012802
4,0.21732595889257633
