,BLEU,ROUGE_1,ROUGE_2,ROUGE_L,METEOR
0,0.1182861684934964,0.3059595146743606,0.20054252265672828,0.2935790761736802,0.2255232189600217
