epoch,train_loss
0,8.86783692617866
1,4.466598169975186
2,8.991465376861042
3,20.658183739143922
4,31.653061026674937
