epoch,train_reward
0,0.3926051218552566
1,0.5611487085706839
2,0.524681652561015
3,0.5909085715970686
4,0.5951633709979708
