epoch,train_acc
0,0.3247191440998646
1,0.30037457011987023
2,0.3005825954868221
3,0.30642692727981047
4,0.3091779760845081
