epoch,train_loss
0,7.021648779461279
1,4.0642667999438835
2,3.2984971240179575
3,3.2907218890291805
4,2.0255451651936025
