epoch,train_reward
0,0.21052952703636235
1,0.23866074898527928
2,0.24481513079435605
3,0.25042280771348346
4,0.262533618728855
