epoch,train_acc
0,0.11792695073848032
1,0.1327171188533404
2,0.14313146206719254
3,0.1465426751092637
4,0.14825022721471956
