epoch,train_loss
0,12.101964756513647
1,36.40137445719603
2,55.91194944168735
3,62.55629652605459
4,67.78175403225806
