epoch,train_reward
0,0.3174307043513944
1,0.451007204929889
2,0.45513231771311746
3,0.459346225813364
4,0.4866607534900197
