epoch,train_loss
0,4.726395319395536
1,3.7412076359907074
2,3.675143812803944
3,3.6539102744628496
4,3.630980646663717
5,3.6370823500936877
6,3.6339861694472786
7,3.638288609115532
8,3.6349956508174603
9,3.6332112823366582
10,3.6360593793638083
11,3.6424761256829505
12,3.6513464033870955
13,3.6429168215781584
14,3.652655688101935
15,3.6559110211684565
16,3.6557472746468447
17,3.6602768181685374
18,3.6615089760767505
19,3.6674131823227545
