epoch,train_loss
0,3.709214142053434
1,2.5267704725265503
2,2.459300973627827
3,2.4299840443205127
4,2.40839686252103
5,2.39335308334615
6,2.3885323859677454
7,2.3803187679536273
8,2.374260427928207
9,2.3722461155145473
10,2.370706500393329
11,2.367911690532571
12,2.3656089294074785
13,2.362845511719732
14,2.362243188489782
15,2.3595519408141032
16,2.3550876048531864
17,2.3595550449767915
18,2.352993605160477
19,2.3551674384881953
