epoch,train_loss
0,6.992214202880859
1,5.341820483785039
2,4.853124678402204
3,4.564570144687533
4,4.374466021499292
5,4.223241905460443
6,4.105615116555595
7,4.0125359291453
8,3.926132173281614
9,3.8537871570330564
10,3.798638650654677
11,3.7450324548199574
12,3.708811624167746
13,3.663885046013802
14,3.6232528750671933
15,3.5943744439180656
16,3.571052515987858
17,3.5339928870778445
18,3.499161492548716
19,3.482921281737597
