epoch,train_reward
0,0.32642117366528833
1,0.7006160011473258
2,0.7157224589131873
3,0.5645785488088034
4,0.5497066401312704
5,0.5424548732325635
6,0.5229126815036808
7,0.5379558899210173
8,0.5344477151541432
9,0.5095872345793943
10,0.5072726699536156
11,0.5028015897680291
12,0.4913678115793408
13,0.4893850799098678
14,0.47861008179027403
15,0.5172182142467242
16,0.4847815715678604
17,0.5007165587536423
18,0.47896925924604783
19,0.4790859386792632
