epoch,train_acc
0,0.15787534826121016
1,0.23546147964808783
2,0.27233404569268216
3,0.2903279607834845
4,0.299071261240786
