,BLEU,ROUGE_1,ROUGE_2,ROUGE_L,METEOR
0,0.14228568238228156,0.3087930173016822,0.17944104281458134,0.2902517676428596,0.2420561265166662
