epoch,train_loss
0,8.626768959367245
1,4.314673639112903
2,3.981951767990074
3,3.7924598712779156
4,3.6666553582506203
