epoch,train_reward
0,0.4062538583099694
1,0.5551636191292969
2,0.6023013667936065
3,0.609088932462129
4,0.6223822395056117
