epoch,train_acc
0,0.06672231374847973
1,0.0810968652293222
2,0.08939564271609438
3,0.09165180826555581
4,0.09462758292812758
