epoch,train_loss
0,44.37783214085297
1,77.80611672278339
2,103.93111672278339
3,117.74130190796858
4,120.81839225589225
