epoch,train_reward
0,0.7204425784139387
1,0.7938926057382063
2,0.7909647758828536
3,0.7940028578076432
4,0.7932444854349935
