epoch,train_loss
0,6.724026798021676
1,4.900229994613345
2,4.41204584707128
3,4.19522488943421
4,4.049871835378137
5,3.935685147153269
6,3.8506209413603982
7,3.7845426408371123
8,3.720075992074343
9,3.662202780789668
10,3.6188318670386135
11,3.583182490698182
12,3.5415064969865404
13,3.513180131959443
14,3.4815224066819295
15,3.450603714083681
16,3.4258270228263177
17,3.4000791866000335
18,3.3750961428821675
19,3.3661909162408055
