epoch,train_reward
0,0.6169012334972325
1,0.40758378954954666
2,0.7608717260974469
3,0.9089454205909578
4,0.9165470166371601
5,0.9198027574779963
6,0.9199545203459145
7,0.9186902264557263
8,0.9204760028584169
9,0.9151776787078026
10,0.6962784205627913
11,0.4464633807097331
12,0.6038733228008346
13,0.43130369617207215
14,0.43110455557851507
15,0.43315337140961446
16,0.43147248206752364
17,0.43151799390221585
18,0.4315903107128521
19,0.4320463328668387
