epoch,train_loss
0,5.713653803940845
1,4.00486329959647
2,3.944835176382364
3,3.9137605423349973
4,3.9202321741078467
5,3.915346611775625
6,3.941600179458413
7,3.940539863612085
8,3.9420012305135685
9,3.958457137437145
10,3.9734758881710035
11,3.989465206727853
12,4.005984794933165
13,4.008935279375769
14,4.022512266988712
15,4.031516666369588
16,4.052240756595081
17,4.066019691159372
18,4.064449786070751
19,4.084616558434183
