epoch,train_acc
0,0.16858884504883478
1,0.20736173416734277
2,0.2122606037710814
3,0.2117864818316404
4,0.21360706267335489
5,0.2148916295023777
6,0.21271253741375534
7,0.21255371849900404
8,0.21132403812600892
9,0.21118974237965896
10,0.21068058654064556
11,0.2105392846425018
12,0.2080635738479717
13,0.2074691703367661
14,0.20685608150445828
15,0.20707796173245382
16,0.2063188989199865
17,0.203729914309198
18,0.20385486756205023
19,0.20406974050228907
