epoch,train_loss
0,5.212613514186021
1,4.081885789007349
2,4.0124886827083985
3,4.003627409314896
4,3.997397360780314
5,4.001983356048173
6,4.010159478593835
7,4.026226176274731
8,4.045737020637957
9,4.043940921535406
10,4.0496672899733746
11,4.066539956849787
12,4.086598755532851
13,4.089702037417835
14,4.099341207555591
15,4.105857320965138
16,4.124274246361224
17,4.132250792242487
18,4.143598197286973
19,4.146947570980397
