epoch,train_reward
0,0.5303918417259182
1,0.662153524400942
2,0.6736537081778317
3,0.7005501525819035
4,0.704636395244855
5,0.6998713935971794
6,0.7040137520285465
7,0.721361646737753
8,0.7207981516427523
9,0.7140145202923248
10,0.7288273091808029
11,0.7221289742153322
12,0.7340409742342517
13,0.7527072485786916
14,0.7474176758073371
15,0.7141132961474193
16,0.7380116007253193
17,0.7460269805027231
18,0.7466278701619717
19,0.747634058843279
