epoch,train_loss
0,9.216150121688843
1,6.683537817001342
2,6.20578164100647
3,6.05435245513916
4,5.892923269271851
5,5.70264931678772
6,5.495882587432861
7,5.340206480026245
8,5.198654127120972
9,5.070847797393799
10,4.964801158905029
11,4.855370254516601
12,4.748430404663086
13,4.669155578613282
14,4.583857765197754
15,4.491858386993409
16,4.431573400497436
17,4.37794020652771
18,4.3123377990722656
19,4.263416528701782
