epoch,train_reward
0,0.9957152426242828
1,0.995895779132843
2,0.9970657479763031
3,0.9972428381443024
4,0.9930281043052673
5,0.9378169512748719
6,0.9598638796806336
7,0.9993646764755248
8,0.9967962074279785
9,0.9953272187709808
10,0.9969500827789307
11,0.9938457226753235
12,0.9944904744625092
13,0.9930195319652557
14,0.9951428163051605
15,0.9875915932655335
16,0.9983439564704895
17,0.9971149933338165
18,0.998118269443512
19,0.9959004008769989
