epoch,train_reward
0,0.7834099491571521
1,0.8002360871246269
2,0.8034658193051278
3,0.8016444713145763
4,0.8052037599924449
5,0.8086116577053929
6,0.8000562212488673
7,0.7976021594829388
8,0.7896799686792735
9,0.7913361406541085
