epoch,train_loss
0,237.74099099099098
1,218.09262387387386
2,188.69932432432432
3,204.23986486486487
4,205.7240990990991
5,211.6875
6,217.73930180180182
7,218.5579954954955
8,223.27364864864865
9,221.8277027027027
