epoch,train_acc
0,0.2052702263244031
1,0.23452681256249347
2,0.23748365091368756
3,0.23838051184677758
4,0.23935911781050165
5,0.24011350854095323
6,0.23815396087319327
7,0.2381854909952446
8,0.23818782693602045
9,0.23830927714638647
10,0.23697215993575452
11,0.23709477784922306
12,0.23655175581373977
13,0.2369079316544426
14,0.236438480594233
15,0.2370177042323912
16,0.23744277889953067
17,0.23593282920095418
18,0.23656343411437064
19,0.23657978329423296
