epoch,train_loss
0,4.493242126943819
1,3.6763029536858802
2,3.628256632073578
3,3.607931631028385
4,3.6013294153683924
5,3.5907944970066774
6,3.6005941506458505
7,3.5964065357174038
8,3.5943745262419697
9,3.592409046241521
10,3.597175583176549
11,3.5998418405986152
12,3.6056622464560606
13,3.600850875067604
14,3.6042977405770475
15,3.6024104800459513
16,3.602043851074082
17,3.609992663421973
18,3.6069157070108595
19,3.604203342856848
