epoch,train_reward
0,0.5500847178724314
1,0.6438516880899267
2,0.6658541768655649
3,0.6757187020083714
4,0.6768453364415019
5,0.6909399000518525
6,0.6980194540301781
7,0.6970599662562657
8,0.7045869477126631
9,0.7066663132120141
10,0.6948775627687908
11,0.7066111813211655
12,0.710406755118092
13,0.7258903263930248
14,0.7230118248494751
15,0.7151913509240599
16,0.7230018706065122
17,0.7210930644663994
18,0.7243955466779358
19,0.7253101331770687
