epoch,train_acc
0,0.2209687501192093
1,0.22620833277702332
2,0.22793229222297667
3,0.22889583319425583
4,0.22983333349227905
5,0.22951041728258134
6,0.22964583367109298
7,0.23096354126930238
8,0.2306510427594185
9,0.2329635414481163
10,0.23083333402872086
11,0.23498437494039537
12,0.2309114584326744
13,0.2353177085518837
14,0.2337760427594185
15,0.23451562434434892
16,0.2346614593267441
17,0.23699479013681413
18,0.23452604174613953
19,0.23528125017881393
