epoch,train_acc
0,0.3507888671430661
1,0.3701760987855673
2,0.37763328489779185
3,0.3824957167462754
4,0.3845064499812291
