epoch,train_loss
0,3.5625039738046795
1,3.229010363682604
2,3.338115144964395
3,3.3795420587487284
4,3.234651179425229
