epoch,train_reward
0,0.23512936538106186
1,0.24917995337764462
2,0.25867350517733295
3,0.26661612712688143
4,0.27779876861421887
