epoch,train_loss
0,14.95016891891892
1,5.457559121621622
2,5.421980574324325
3,4.788640202702703
4,4.60620777027027
5,4.490920608108108
6,4.686127533783784
7,4.431059966216216
8,4.358530405405405
9,4.296452702702703
