epoch,train_acc
0,0.21206963863452916
1,0.19804822782606893
2,0.19820202395019576
3,0.198126550160535
4,0.2009404208591218
