epoch,train_loss
0,12.868362443883278
1,22.14317655723906
2,26.864583333333332
3,30.794691708754208
4,31.844241021324354
