epoch,train_reward
0,0.6302087281555707
1,0.6595268334470079
2,0.6567122245209519
3,0.6604044458146314
4,0.6524757554903041
