epoch,train_acc
0,0.1349373351788955
1,0.14529897322178587
2,0.15295738777190906
3,0.156141414584511
4,0.1580949638381908
