epoch,train_loss
0,13.712656074635241
1,21.549689604377104
2,38.608173751402916
3,51.214962121212125
4,55.38468013468013
