epoch,train_reward
0,0.2588996852588172
1,0.4223633500696165
2,0.4624780539912407
3,0.46432309730687127
4,0.46630912560940324
