epoch,train_acc
0,0.12345961713403031
1,0.1363231113541612
2,0.14393254168998784
3,0.15140302988711343
4,0.1503420030809137
