epoch,train_loss
0,12.000751201923077
1,39.97921836228288
2,60.267040167493796
3,62.62507754342432
4,68.88314205955335
