epoch,train_reward
0,0.3189931871096786
1,0.45075335257476373
2,0.47134397095693253
3,0.46385077477684683
4,0.4797349927517084
