epoch,train_acc
0,0.3219528809362633
1,0.3564121741221089
2,0.3691557933390025
3,0.37105061778495085
4,0.3718728358430008
