epoch,train_loss
0,3.091016594292804
1,3.0320496665632755
2,2.994683428970223
3,2.9769308312655087
4,2.9661183700372207
