epoch,train_reward
0,0.7201238196925549
1,0.7655175994554761
2,0.791200319605489
3,0.8026204964806957
4,0.800911359322574
