epoch,train_acc
0,1.1677877907536823e-05
1,0.0
2,0.002627522418131392
3,0.005633408095788904
4,0.003692544883455363
5,0.004049887922054758
6,0.005358977968028784
7,0.005301756366686436
8,0.003077120745435541
9,0.0017878830669376782
10,0.004012518730082428
11,0.0018416013077398419
12,0.0034321282411854497
13,0.002224635706996261
14,0.00261818017821546
15,0.004441096827454631
16,0.0033982623837817243
17,0.002911294900265109
18,0.0030584361478832502
19,0.002876261277113845
