epoch,train_reward
0,0.08532687235203877
1,0.08874314655904812
2,0.07394103388481611
3,0.1399964272992627
4,0.13348178498680816
5,0.10432524196469463
6,0.21663749324901221
7,0.14563889166699398
8,0.11132778452851312
9,0.10735652502208547
10,0.10869038898514526
11,0.09193881504204242
12,0.07645121725451519
13,0.07672546462327108
14,0.07864541149460147
15,0.09488578224262315
16,0.08345658639487664
17,0.0784534851565222
18,0.0800989715073408
19,0.0788150512250015
