epoch,train_reward
0,0.4359459684464262
1,0.5496471886410307
2,0.5745945019572305
3,0.45458963079035547
4,0.37917745514300905
5,0.3831394862032792
6,0.4041293145161573
7,0.35111207966045416
8,0.43687315331980786
9,0.5055248941808538
10,0.37791827969219655
11,0.42601647745868015
12,0.4606889955398748
13,0.5273055489020497
14,0.5621386102229491
15,0.4864472304491719
16,0.4682535650751516
17,0.42877996081461284
18,0.4756150706733823
19,0.44122709781599684
