epoch,train_reward
0,0.7595646416786874
1,0.7918097730910424
2,0.8267029768759662
3,0.8265345648373708
4,0.8226717562958745
5,0.8388348077193345
6,0.8441509188401817
7,0.8465724091718693
8,0.8516042760693201
9,0.8474644127458629
10,0.8432257116431057
11,0.84097754394654
12,0.8535450534655316
13,0.8514538324705445
14,0.8616239103940454
15,0.8663800149270804
16,0.8552109280435165
17,0.8598566863796498
18,0.8615187191136993
19,0.8663846947769127
