epoch,train_acc
0,0.1757334835073302
1,0.2276261314896645
2,0.2593603051693363
3,0.28071482622318505
4,0.2953131011542023
