,BLEU,ROUGE_1,ROUGE_2,ROUGE_L,METEOR
0,0.10680918526501762,0.2840454123666652,0.15830985005793066,0.2667214931298456,0.21321473001913346
