epoch,train_loss
0,8.801526550224468
1,4.482029496352413
2,4.424439709595959
3,4.341360655162738
4,4.070838594276094
