epoch,train_reward
0,0.2261568093431986
1,0.37696296692429704
2,0.45415467853364183
3,0.4884455509391832
4,0.4868467595306979
