epoch,train_loss
0,4.851229183342425
1,3.7366274279863845
2,3.670229221138719
3,3.7158504943676594
4,3.826260307979156
5,3.8771815107542302
6,4.157128689000425
7,4.388705170208029
8,4.503573370621344
9,5.121747021183305
10,4.747472086294884
11,4.944312734988773
12,5.483125844878466
13,5.4815660656300365
14,4.92089042428363
15,5.172819040281356
16,4.633232005508491
17,5.198765120698732
18,5.824442091544113
19,5.037011994374707
