epoch,train_loss
0,4.741786443599136
1,3.847266001551675
2,3.806608227870924
3,3.799834635225647
4,3.7990898925627294
5,3.795192409523934
6,3.809838278945786
7,3.8213287233771767
8,3.8289803656761956
9,3.82231599760697
10,3.8323498060885033
11,3.8350961956742635
12,3.8560779693415346
13,3.854970399574314
14,3.858387893625439
15,3.8604883891050057
16,3.863941453497506
17,3.8725175504727214
18,3.8741283096005565
19,3.8775646740011034
