epoch,train_reward
0,0.5314018974924302
1,0.6619357795458738
2,0.6821408127455434
3,0.7051355616928751
4,0.7015318349337899
5,0.7124899444024124
6,0.7148435364389634
7,0.7167369135292122
8,0.72433100206435
9,0.719032173199504
10,0.7248160256398632
11,0.7236493040093392
12,0.7400602473806372
13,0.7564847878276499
14,0.7519496542990475
15,0.7356195008808187
16,0.7427834245656103
17,0.7481457446722707
18,0.7444166228375627
19,0.7495705025613041
