epoch,train_acc
0,0.34570620229286114
1,0.3454932305600528
2,0.30844371651758284
3,0.27475508915761837
4,0.2610050117734145
