epoch,train_loss
0,3.6151131739572735
1,3.479288530010173
2,4.109013383774161
3,4.725600839267548
4,4.928233087487284
