epoch,train_reward
0,0.2318790564550388
1,0.22094645410291056
2,0.20157377362736364
3,0.20419824279518844
4,0.21239079053713614
