epoch,train_reward
0,0.3912424049328634
1,0.39105855817756346
2,0.3912314855616087
3,0.39125684423201135
4,0.39075273519414233
