epoch,train_reward
0,0.7852487954067754
1,0.7990380520219201
2,0.8034764364496008
3,0.8052856355637044
4,0.8039028013611699
5,0.7946110187887071
6,0.7930572679987898
7,0.7933571032575659
8,0.7802494587125005
9,0.7904864909412624
