epoch,train_acc
0,0.17237623606421898
1,0.2373190148932395
2,0.27830948366260316
3,0.2987376525060592
4,0.31162468529201687
