,BLEU,ROUGE_1,ROUGE_2,ROUGE_L,METEOR
0,0.10788480947558628,0.2860182160435789,0.16039329410430164,0.2687233047854388,0.21307117885334886
