epoch,train_loss
0,8.470240600448934
1,4.341527251683502
2,4.268882400392817
3,4.194137556116723
4,3.9334140011223346
