epoch,train_reward
0,0.10938841004554897
1,0.2568613667914897
2,0.37689832906530363
3,0.4251012863668662
4,0.4334289483416629
