epoch,train_loss
0,243.41822139303483
1,268.53855721393035
2,204.05006218905473
3,242.31032338308458
4,269.6672885572139
5,288.84203980099505
6,274.7493781094527
7,309.97014925373134
8,327.8880597014925
9,314.32089552238807
