epoch,train_reward
0,0.4655143849885286
1,0.3745610276561471
2,0.350111364576947
3,0.3828525492801002
4,0.4133755585447473
5,0.4036372295066492
6,0.4230081517601488
7,0.3820324640962022
8,0.3729619450533568
9,0.37277761220338923
