epoch,train_acc
0,0.06815192174719296
1,0.08293233847481173
2,0.090398747515832
3,0.09222435309781762
4,0.09523108095974173
