,BLEU,ROUGE_1,ROUGE_2,ROUGE_L,METEOR
0,0.051001287961309295,0.2985994943717056,0.22073186529373176,0.2942176113317965,0.1831511865845764
