epoch,train_loss
0,45.48612864758698
1,81.66515852974186
2,106.31271043771044
3,120.7114898989899
4,123.54699775533109
