epoch,train_reward
0,0.7272120495854671
1,0.7773800318356181
2,0.7698638340840838
3,0.7852891063449359
4,0.7843078790957947
