epoch,train_reward
0,0.023334626334945898
1,0.02239959125054648
2,0.03948327828576923
3,0.22296616958605275
4,0.21609235454250025
5,0.1513534552744917
6,0.1881013212574495
7,0.2151548323800435
8,0.2706335029892019
9,0.2789865750316027
