epoch,train_loss
0,4.79376559300273
1,3.5428862250973827
2,3.4006550793155963
3,3.335379186767099
4,3.2951357343271708
5,3.2754464373994834
6,3.2621735991918452
7,3.246061067410114
8,3.2421670344912954
9,3.2309041354688293
10,3.2316195601305084
11,3.231024120955189
12,3.218394078481358
13,3.220255830362773
14,3.221015377429569
15,3.215162001383144
16,3.2180017462760344
17,3.2436113325469695
18,3.242481588782751
19,3.246397979590925
