epoch,train_loss
0,4.230879036506804
1,3.374992575975928
2,3.3566678384743116
3,3.3392958841701543
4,3.3313547266591894
5,3.324072467218531
6,3.3231987256814937
7,3.3275607788916863
8,3.3236287301129632
9,3.3242727966591863
10,3.3278257622577176
11,3.3267783918003047
12,3.3254080007571987
13,3.324240218294729
14,3.3283130213765815
15,3.329574995701856
16,3.328813089002477
17,3.3277628799476244
18,3.3300405162395816
19,3.3252082508389313
