epoch,train_reward
0,0.6988995680124452
1,0.7740362133129989
2,0.7876198781598912
3,0.7842599144666502
4,0.7930458648370045
5,0.80840599566403
6,0.8017807464198311
7,0.8193759823789691
8,0.8174123492571387
9,0.820383725484999
10,0.8199046829549392
11,0.8192413230933765
12,0.8191897815997058
13,0.8276079978683207
14,0.8323048825311189
15,0.837054985584599
16,0.8384390446809259
17,0.8420411159496496
18,0.8215116755206986
19,0.8377231622096335
