epoch,train_reward
0,0.9766561269760132
1,0.9743771886825562
2,0.9752515912055969
3,0.9765835547447205
4,0.983451554775238
5,0.982360497713089
6,0.9730154573917389
7,0.9902125334739685
8,0.9872557508945465
9,0.984701645374298
10,0.9827262544631958
11,0.9840465164184571
12,0.9815478527545929
13,0.9727702414989472
14,0.9778542685508728
15,0.983178927898407
16,0.9856161522865295
17,0.981370462179184
18,0.9660623061656952
19,0.9765838193893432
