epoch,train_acc
0,0.2794488254271906
1,0.27968414715036205
2,0.2793229748589154
3,0.2798189838532753
4,0.279850074118867
