epoch,train_loss
0,9.327543424317618
1,9.1041989764268
2,8.895733173076923
3,9.328037763647643
4,9.563944246277917
