epoch,train_reward
0,0.6087575972302084
1,0.6089414436527281
2,0.6087685166014631
3,0.6087431580050116
4,0.6092472673201975
