epoch,train_reward
0,0.5314873939739214
1,0.2191729107913415
2,0.23631353911029115
3,0.33170724037049065
4,0.3060107243836193
5,0.2745698513504903
6,0.2207534194594007
7,0.23512376360428172
8,0.22846376237714236
9,0.20842857298027775
10,0.1461794673227141
11,0.17989881380122874
12,0.20691488385868714
13,0.20472185146648253
14,0.21118201896748734
15,0.22488603136197333
16,0.2280394285917282
17,0.20289048585923797
18,0.18210246651161946
19,0.180138151190607
