epoch,train_acc
0,0.130811095130035
1,0.1371591642331602
2,0.14578699450679303
3,0.14893304713528563
4,0.15384876835995384
