epoch,train_loss
0,13.2498114828844
1,21.3681169332211
2,38.25727763748597
3,53.9429012345679
4,55.999298540965206
