epoch,train_reward
0,0.07724220269254077
1,0.1620675399774052
2,0.25737103788907545
3,0.2983845620511223
4,0.3299145626299309
