epoch,train_acc
0,0.15385309232571703
1,0.20550239855483074
2,0.16477998607894365
3,0.1658921447960178
4,0.16803829612804758
