epoch,train_loss
0,9.557217354218363
1,10.605633529776675
2,44.067104140818856
3,50.713477047146405
4,55.4551023573201
