epoch,train_reward
0,0.6728621967525104
1,0.7107290216622223
2,0.735886951829896
3,0.7050798847420932
4,0.6908947720421159
