epoch,train_acc
0,0.12718584354406826
1,0.13769403048271311
2,0.14662552480102642
3,0.149239218293889
4,0.15235724287662727
