epoch,train_loss
0,14.550847011784512
1,23.65576774691358
2,39.235918209876544
3,54.848765432098766
4,59.502946127946124
