epoch,train_reward
0,0.08599944515143314
1,0.17411619910236562
2,0.26490350560976067
3,0.32232682804935575
4,0.3267426208481109
