epoch,train_acc
0,0.1947445902725319
1,0.1888692650156921
2,0.19173111455981437
3,0.19443257418843085
4,0.1941280034873177
