epoch,train_loss
0,12.56382066144541
1,18.261873836848636
2,20.85314244727047
3,22.70864996898263
4,25.173367710918114
