epoch,train_reward
0,0.8205279751170066
1,0.856391200134831
2,0.8474787376802553
3,0.8267138018353701
4,0.7995103873478864
