epoch,train_acc
0,0.1776380323420692
1,0.21649967307734383
2,0.22100850151258733
3,0.22200112158407545
4,0.22249042419842005
5,0.2227718612939253
6,0.2204397886056002
7,0.21952424368783496
8,0.21862971769320055
9,0.21926732982755243
10,0.21729260121760346
11,0.21648799517764103
12,0.2162591089314944
13,0.21530852924547922
14,0.2148425824305402
15,0.21545099931447495
16,0.21472580370079777
17,0.21386280836278548
18,0.2145891723477787
19,0.21184954194210034
