epoch,train_loss
0,5.0079100752090655
1,3.974227667924
2,3.9215708773232363
3,3.916461021910868
4,3.926118164319094
5,3.9400565581471394
6,3.961318296167348
7,3.9776904443988887
8,3.9978391632370887
9,4.006590805780728
10,4.027602797666472
11,4.034832853907427
12,4.0564851236984865
13,4.0596153821645835
14,4.080300102319418
15,4.07926704744587
16,4.100226638563011
17,4.110444229279933
18,4.10966079545128
19,4.125719842354813
