epoch,train_reward
0,0.5339727070299499
1,0.5553202240189095
2,0.548862290222014
3,0.558091030259838
4,0.5522257875433951
5,0.5927658444562836
6,0.6500950407554216
7,0.6377246470729332
8,0.6306456235224891
9,0.6316477161886446
10,0.6357583582668561
11,0.6555107083555829
12,0.6508563313248981
13,0.6533843567553123
14,0.6715474433428503
15,0.6506382061227021
16,0.647353180855379
17,0.6564677183938133
18,0.6543874235431175
19,0.6358744181325083
