epoch,train_acc
0,0.17531051672093337
1,0.22964957701354807
2,0.25725379816112304
3,0.2345374993344193
4,0.20743467114746125
