,BLEU,ROUGE_1,ROUGE_2,ROUGE_L,METEOR
0,0.10159530187201919,0.25930835211771525,0.14971329750350207,0.24638594029942087,0.20576354471339114
