epoch,train_loss
0,8.376060956790123
1,4.465795103815937
2,4.696504980359147
3,7.222954370089787
4,10.214304503367003
