epoch,train_reward
0,0.22486803040962028
1,0.3764012750785894
2,0.4789510568986437
3,0.49984650783801055
4,0.4695830513732602
