epoch,train_loss
0,206.6980721393035
1,208.5105721393035
2,199.21703980099502
3,183.88743781094527
4,181.86194029850745
5,187.3681592039801
6,184.53855721393035
7,185.3097014925373
8,199.87686567164178
9,199.7294776119403
