rl_model,dropout,dropout_rate,train_acc,train_reward
xglm_large,None,0.0,0.3116017877928679,0.1686850029971386
xglm_large,quantile,0.8,0.3080429746858498,0.2126390318669521
opt_large,None,0.0,0.1729068183831885,0.186412358571257
opt_large,quantile,0.8,0.382361560640186,0.2550519588247078
