rl_model,dropout,dropout_rate,train_acc,train_reward
gpt2_large,None,0.0,0.1258413303720912,0.4647583880876719
gpt2_large,quantile,0.8,0.3631292275080893,0.5006436149011692
