epoch,train_acc
0,0.2257283928154018
1,0.2793149231093945
2,0.28362598011989404
3,0.2835176871849759
4,0.2832856334672116
5,0.2836221123095786
6,0.2836401614517269
7,0.2840836418442207
8,0.2849976793669238
9,0.2829130573733018
10,0.2833578281178333
11,0.2843285889023601
12,0.2834119751016692
13,0.2832469568394198
14,0.2821988441271357
15,0.28156198384148057
16,0.28325340446859304
17,0.2811146346059176
18,0.28128609577618024
19,0.2814163050734171
