epoch,train_loss
0,5.153239068418446
1,2.957584829613714
2,2.912649681072424
3,2.8984220559054084
4,2.8983514615804844
5,2.9097303883864147
6,2.912982776613519
7,2.920068036211599
8,2.907653505259221
9,2.9237842453588354
10,2.9320643361252134
11,2.927307389750339
12,2.946299116210182
13,2.9429567013636673
14,2.9494744492049265
15,2.963251741805879
16,2.9645686550895767
17,2.9718674173449524
18,2.9715851002400466
19,2.983794387024228
