epoch,train_reward
0,0.7037950677446799
1,0.7691774645654281
2,0.8051141606699123
3,0.7976300400672572
4,0.8150427429982932
5,0.8206483544689593
6,0.8303589416612492
7,0.8280540040814051
8,0.8335139317677753
9,0.8362303718481914
10,0.8382280209276936
11,0.8291143842852942
12,0.8380467038933593
13,0.8440571138174227
14,0.853457097074773
15,0.8511730282023402
16,0.8491757190463567
17,0.8463913978326438
18,0.8582385164676326
19,0.8536263353163653
