epoch,train_loss
0,14.724767736486486
1,5.165118243243243
2,5.07495777027027
3,4.463471283783784
4,4.30152027027027
5,4.173880912162162
6,4.348500844594595
7,4.107369087837838
8,4.041913006756757
9,3.9790962837837838
