epoch,train_acc
0,0.1475064971599347
1,0.16573883071893006
2,0.16945203254551044
3,0.16671565775929895
4,0.16954732552613988
5,0.1701459119043585
6,0.1715698490341842
7,0.17159702058991455
8,0.1731629395135027
9,0.17300716021331974
