epoch,train_reward
0,0.15014831068178824
1,0.3532283967276951
2,0.4120858224394085
3,0.4439999469228693
4,0.4497965141996607
5,0.4706443536120492
6,0.4655036351702235
7,0.4763230018250577
8,0.4627405450687752
9,0.4607165122891332
