epoch,train_loss
0,9.347725124359131
1,6.932099494934082
2,6.636703996658325
3,6.511624584197998
4,6.255624980926513
5,5.995240516662598
6,5.803929138183594
7,5.647488098144532
8,5.529448194503784
9,5.441241207122803
10,5.382420396804809
11,5.328302669525146
12,5.261191511154175
13,5.207916030883789
14,5.216547718048096
15,5.1337299633026126
16,5.09606782913208
17,5.06339427947998
18,5.055567102432251
19,5.033705587387085
