epoch,train_acc
0,0.00017951617471193622
1,1.7622118241730306e-05
2,0.00019985644401951863
3,0.00016978240188412447
4,0.0003085364159807411
5,0.0005027166559793666
6,0.000618252795094062
7,0.0008495487142882197
8,0.001122448771816419
9,0.0011492580896710037
