epoch,train_reward
0,0.12673245838566408
1,0.04718991676093759
2,0.05581622040486551
3,0.052048606978444094
4,0.04978568615341509
5,0.050387366079129615
6,0.045411814981652004
7,0.04925503308238747
8,0.051851492861772444
9,0.05108105001115316
