epoch,train_acc
0,0.15635271518840657
1,0.17834989488277764
2,0.18127476656516542
3,0.18055776619433936
4,0.1800434986615311
5,0.182731307370988
6,0.18110108146121975
7,0.18250020421116692
8,0.18188484667020688
9,0.18435598520133148
