epoch,train_reward
0,0.17501302585341372
1,0.39929177538231686
2,0.45336659749348956
3,0.4657028956456227
4,0.4697461748445356
5,0.48540689708950285
6,0.4672883436218038
7,0.47678246637722393
8,0.46698337095277803
9,0.48168531879111454
