epoch,train_loss
0,5.212363020721573
1,4.1910093653897
2,4.1358876549075
3,4.1196384141263405
4,4.1313581530823305
5,4.145832681869712
6,4.170320262823404
7,4.18725820293341
8,4.203626716083475
9,4.221737763272273
10,4.247476697502649
11,4.279498153737842
12,4.302475518709875
13,4.306347791389499
14,4.336844805644767
15,4.346211255933137
16,4.3650152736715135
17,4.395320088339494
18,4.406808825351733
19,4.438841657253659
