epoch,train_reward
0,0.5286975455524675
1,0.5968271479211046
2,0.6278010082886358
3,0.6081266772052097
4,0.6293749007408929
5,0.6585975901428359
6,0.6880109665639732
7,0.6445067538274243
8,0.693766541812452
9,0.6827211417424839
10,0.7036803626693418
11,0.6884430796576188
12,0.6917625286119401
13,0.6748202582111273
14,0.6965277459589355
15,0.6891849145226414
16,0.6937653796555215
17,0.7013183890971367
18,0.7015006459347336
19,0.7271756855896235
