epoch,train_loss
0,6.40029774798025
1,4.067033405351166
2,3.440426486553532
3,3.1385278937840226
4,2.948734964474593
5,2.807418436107069
6,2.7012836461019987
7,2.621519148939907
8,2.5560189249491927
9,2.4922409435309985
10,2.4452672854508504
11,2.4060835023917773
12,2.3697360553363764
13,2.3359588962970395
14,2.308957779761588
15,2.2797055327066102
16,2.2544653203227734
17,2.2286860482527477
18,2.2086050262545593
19,2.192506907009842
