epoch,train_acc
0,0.0972872288404826
1,0.19807782094307544
2,0.21209594493756914
3,0.23020716559459276
4,0.23435631601532478
5,0.2313445913417457
6,0.20484048034578162
7,0.176465573733163
8,0.1644560445450881
9,0.12550448405769374
10,0.12498131534711128
11,0.009715993995564226
12,0.00024757101297098727
13,0.00024056428549560664
14,0.00023238977139101535
15,0.0002487388005137711
16,0.00023355755984737233
17,0.0002428998618862788
18,0.00025340995199001087
19,0.00023706092221470292
