epoch,train_reward
0,0.38073408466684444
1,0.7025003549496689
2,0.6610264720670845
3,0.5385698768322777
4,0.46626432687712355
5,0.4586200067280654
6,0.4957458934174525
7,0.5276969659221546
8,0.5104715749287284
9,0.5253321472304819
10,0.5386091879665049
11,0.21051250224423515
12,0.17782190696006397
13,0.17769344511855342
14,0.17784027975770925
15,0.17780571414216217
16,0.17772026981473504
17,0.17776596178655668
18,0.17766774275377728
19,0.17789021595443846
