epoch,train_acc
0,0.14649688090325658
1,0.20481841215031174
2,0.21923566124170835
3,0.21392274219764323
4,0.21040351916315092
5,0.20616511923796293
6,0.20634224002222126
7,0.20514059610012353
8,0.20054080976298153
9,0.2041507938515371
