epoch,train_acc
0,0.15063141799378568
1,0.22791151964800319
2,0.265547171485911
3,0.2858655283636741
4,0.296424059861191
