,BLEU,ROUGE_1,ROUGE_2,ROUGE_L,METEOR
0,0.14321317238754497,0.30988492187518935,0.18106054787918419,0.2917781248819216,0.24113075908534334
