epoch,train_loss
0,9.426629381203474
1,4.431039663461538
2,4.066469254032258
3,3.8522579675868487
4,3.7118680210918114
