epoch,train_reward
0,0.38551181227560377
1,0.5467929269184841
2,0.620159575461454
3,0.6370789105114215
4,0.6416138423139937
