epoch,train_loss
0,3.6448060651816943
1,2.622460874000398
2,2.567852196126881
3,2.5557411035688795
4,2.5371756116942605
5,2.5269551572233144
6,2.5248960764101236
7,2.519831655049088
8,2.513389031485756
9,2.5138463277627925
10,2.5145679535252032
11,2.5140971818772875
12,2.50962226107569
13,2.508671222346844
14,2.506637354888538
15,2.508560525308741
16,2.5050464939362933
17,2.508855602528789
18,2.5025045907143317
19,2.508677253628721
