epoch,train_reward
0,0.7500650188562894
1,0.8283865867864968
2,0.8372719326231739
3,0.8521829468779044
4,0.859006526741651
5,0.8598864730631951
6,0.8643933578883067
7,0.8652357290876974
8,0.8748884552186078
9,0.8740863897422753
10,0.8775272823796414
11,0.8790735221735322
12,0.8768772848761908
13,0.8860031537490316
14,0.8858602486624576
15,0.8750018813822529
16,0.879476251578567
17,0.887777699987487
18,0.8825607205381488
19,0.8956670371612699
