epoch,train_acc
0,0.0007620516431687019
1,0.001531786878900792
2,0.002496742839655267
3,0.003468048010841887
4,0.004218102604592823
5,0.0039149317935084395
6,0.005376998678533434
7,0.0030479685367814885
8,0.0031337931665233847
9,0.0029192608669520604
