epoch,train_reward
0,0.14666300744598582
1,0.20911675290548587
2,0.8051763301765597
3,0.8626021925393526
4,0.8672160031022252
5,0.8701042425525081
6,0.8683562678796751
7,0.874615666297105
8,0.8716382776294742
9,0.8757080054497933
