epoch,train_loss
0,242.31032338308458
1,271.9378109452736
2,284.69900497512435
3,300.7425373134328
4,161.21050995024876
5,171.00855099502488
6,226.96455223880596
7,271.6094527363184
8,258.9944029850746
9,277.6449004975124
