epoch,train_acc
0,0.1535907056703539
1,0.12396255168384714
2,0.12255083855677774
3,0.12181530834859781
4,0.1250966765916193
