,BLEU,ROUGE_1,ROUGE_2,ROUGE_L,METEOR
0,0.0607742805987965,0.29013066116207326,0.2037831991246843,0.2838050449355429,0.18513451127314515
