epoch,train_loss
0,9.201564253647588
1,16.045165193602692
2,36.30068041526375
3,60.40326879910213
4,73.02633978675645
