epoch,train_reward
0,0.5785797772433622
1,0.7390165620647563
2,0.7617475838639787
3,0.7636227429113805
4,0.7609916393604342
