epoch,train_reward
0,0.9091848044997395
1,0.8799800456750511
2,0.9181401826957665
3,0.8961919870707068
4,0.7357085956500309
5,0.6935193339491835
6,0.7777430491872354
7,0.7362740922092211
8,0.578923307580523
9,0.7616592986453877
10,0.8749479241300337
11,0.8614633348908755
12,0.691212145113709
13,0.6813186590034183
14,0.7278601459347376
15,0.8329426345258656
16,0.8674747858307149
17,0.8687667613572413
18,0.877988608756868
19,0.8752997585452429
