epoch,train_acc
0,0.1424565508520748
1,0.16253983118595058
2,0.16188647492647476
3,0.16713882887862314
4,0.16622719132584
