epoch,train_loss
0,9.34865462158809
1,20.673687577543426
2,50.496975806451616
3,55.34731699751861
4,61.353055210918114
