epoch,train_reward
0,0.3580827974152772
1,0.44560871312103556
2,0.4954826805195205
3,0.505293756538526
4,0.5116068432777751
