epoch,train_loss
0,5.0729150511786605
1,5.767864066377172
2,6.428345029466501
3,6.729276519851116
4,6.587546526054591
5,6.316207544975186
6,6.664130350496278
7,6.36066415942928
8,6.828328551488834
9,6.923416175558312
