epoch,train_reward
0,0.16448160611630022
1,0.34026171018679935
2,0.4240814887725555
3,0.4292023406103925
4,0.43988070146994546
5,0.42791059358162925
6,0.4664096441623327
7,0.4549454791588826
8,0.463961727850072
9,0.45017155293408817
