epoch,train_acc
0,0.1789331096349777
1,0.21640741831785895
2,0.2201933854764887
3,0.2215550262564501
4,0.22173252975726876
5,0.22130395238174985
6,0.21933272594560957
7,0.21896370517031494
8,0.2179535683495047
9,0.2184673951345709
10,0.21588191303169782
11,0.21551989981144534
12,0.21530852931230057
13,0.2143591180644228
14,0.21489513214393582
15,0.21527816689335177
16,0.2147690116557305
17,0.21339335750303995
18,0.21416993632979456
19,0.21178181041783817
