epoch,train_loss
0,4.986515830985099
1,3.9857490329999026
2,3.937114363828582
3,3.9296537771353273
4,3.940549890022107
5,3.9562695657191256
6,3.980552258512899
7,3.9952181871696437
8,4.00673129526489
9,4.02700288092609
10,4.045835862779831
11,4.050889276068307
12,4.065182847292434
13,4.078327541394084
14,4.083846443971711
15,4.089671741152023
16,4.105635885700517
17,4.121412503879701
18,4.114365578766895
19,4.134013234767144
