epoch,train_reward
0,0.5180762454600077
1,0.5477550334459997
2,0.5371735972673903
3,0.5416115126802248
4,0.564915565364564
5,0.6003406359208538
6,0.6439138741771202
7,0.6392731035771392
8,0.6251217851189754
9,0.6379790566694576
10,0.6303457748729552
11,0.6549459081059614
12,0.6491463326017953
13,0.6554389411558484
14,0.667851647186707
15,0.6477227264455616
16,0.6333374538763756
17,0.6592836270417868
18,0.6543210702092124
19,0.6512240756787526
