epoch,train_acc
0,0.33460526348227343
1,0.3638953264504142
2,0.37545222177990567
3,0.3812619048061644
4,0.3843333091381452
