epoch,train_loss
0,3.3655894886363638
1,3.038220749158249
2,3.1945408950617282
3,3.2717364618406286
4,3.16808054503367
