epoch,train_reward
0,0.5017375380854414
1,0.5140253974064164
2,0.531951833453644
3,0.5299187547095563
4,0.5367207058551737
