epoch,train_acc
0,0.23249019060342369
1,0.2578802309896914
2,0.2590573625179684
3,0.25878176333658365
4,0.2585972536839712
5,0.2581172926276254
6,0.2563118926612786
7,0.2559627240415111
8,0.2553297834546042
9,0.2564275029528836
10,0.2561951141320002
11,0.25605147569168846
12,0.256711275855522
13,0.2558751392257588
14,0.2562313158683178
15,0.25578989135310254
16,0.25388406190369694
17,0.2559603890362342
18,0.25541503212911665
19,0.25459174070123064
