epoch,train_loss
0,4.183091568839925
1,3.400305783267513
2,3.4107881372819566
3,3.41963617897889
4,3.450590373154713
5,3.4611091047124476
6,3.4910406243106173
7,3.493530248847243
8,3.5061302206441427
9,3.519390451533912
10,3.519685810456896
11,3.5254980705244123
12,3.531640802263679
13,3.5452123693286572
14,3.544664359413455
15,3.560584385833398
16,3.5653291571835233
17,3.5784501045808663
18,3.573691045222261
19,3.5859567980060665
