epoch,train_loss
0,4.0579192499408805
1,3.082388031108497
2,3.0432867929005303
3,3.035975417748695
4,3.0266443025905456
5,3.032686353264368
6,3.034854876086316
7,3.0397469174166964
8,3.0428778547877156
9,3.0439696579236086
10,3.0506267301704852
11,3.0561291989724197
12,3.0616653350436636
13,3.0653163916326958
14,3.075739333447854
15,3.0822501781275453
16,3.0799235249848644
17,3.0806597081000495
18,3.0881214173919953
19,3.1039606220519063
