epoch,train_loss
0,9.064688596725464
1,6.36970645904541
2,5.5850928688049315
3,5.077563543319702
4,4.682270984649659
5,4.4265265369415285
6,4.340724744796753
7,4.521503038406372
8,4.597683706283569
9,4.809929027557373
10,5.778223266601563
11,6.847645225524903
12,7.799681959152221
13,9.676578588485718
14,11.830034875869751
15,13.948599224090577
16,16.067056465148926
17,21.710647926330566
18,24.691418285369874
19,30.42520393371582
