epoch,train_reward
0,0.996606526374817
1,0.9782148766517639
2,0.9488069427013397
3,0.9987203431129456
4,0.9996754848957061
5,0.9992097580432892
6,0.9993920493125915
7,0.9960048806667328
8,0.9934361481666565
9,0.9931676816940308
10,0.9891001176834107
11,0.9806802535057068
12,0.9849950230121612
13,0.9853980648517608
14,0.9876352715492248
15,0.9907597720623016
16,0.9923939561843872
17,0.9946906518936157
18,0.9917418944835663
19,0.9883115077018738
