epoch,train_acc
0,0.17600692246877422
1,0.23566838897064754
2,0.2730030685037629
3,0.29520279988301695
4,0.30876901657462896
