,BLEU,ROUGE_1,ROUGE_2,ROUGE_L,METEOR
0,0.10777525397416561,0.28528237264440115,0.15974209987215185,0.2677986098388286,0.21357301685672764
