epoch,train_loss
0,8.412519290123457
1,4.350326178451178
2,4.28816813973064
3,4.21231411335578
4,3.953181993546577
