epoch,train_reward
0,0.22542818925028832
1,0.3503668272802993
2,0.4100286375927738
3,0.4260536684298221
4,0.4251850816503786
