epoch,train_acc
0,0.17293651911300595
1,0.22312102964640732
2,0.22931030452786005
3,0.23120562378066536
4,0.23301803076748356
5,0.2332539236999948
6,0.23184673955889562
7,0.23105965026825534
8,0.23102695237628013
9,0.23090083168761077
10,0.22919352546401087
11,0.2289272700457295
12,0.22883034380562103
13,0.22798019420405674
14,0.22810164488217222
15,0.22876611559113044
16,0.228477672076546
17,0.22767423414061422
18,0.22853489347102932
19,0.22647141227540413
