epoch,train_loss
0,5.065408099392604
1,3.8582403307003825
2,3.780204407302788
3,3.755089847496272
4,3.748979986515815
5,3.7426141324064655
6,3.7529816862713594
7,3.764793324363606
8,3.766525533701807
9,3.7751549722902444
10,3.7830904609953877
11,3.7888974512639066
12,3.7967746567833047
13,3.8020238042412315
14,3.809563127868379
15,3.8087095412438225
16,3.816619637835721
17,3.8230688678844094
18,3.820946866621351
19,3.839942650944663
