epoch,train_acc
0,0.13178964417456557
1,0.13825711499758445
2,0.14592725833259862
3,0.15215773450176173
4,0.1525088088366945
