epoch,train_loss
0,10.240462158808933
1,37.52037453473945
2,61.87891594292804
3,66.23212624069478
4,70.4733638337469
