epoch,train_reward
0,0.3221653073138694
1,0.4503955983975093
2,0.4641044846095755
3,0.4509459228506751
4,0.4809615242643924
