epoch,train_reward
0,0.5094853211946017
1,0.5014312791182856
2,0.49605219660853056
3,0.4960688276408499
4,0.49388901682178
5,0.49211919655179764
6,0.49592161178588867
7,0.49606836617260236
8,0.4966550024368303
9,0.49933647802057823
10,0.4971586321501454
11,0.4991181472759076
12,0.5014928157019508
