epoch,train_acc
0,0.15965848868781785
1,0.17484984899070188
2,0.17815040520883335
3,0.17754369007712278
4,0.17935040362793273
5,0.17787746455534725
6,0.17996724626532984
7,0.1824177455389619
8,0.18169555111212343
9,0.18013030570299152
