epoch,train_acc
0,0.09990657722335225
1,0.20170964180354045
2,0.24592325231686835
3,0.2689940674155282
4,0.28547155269058294
5,0.2982997009572427
6,0.3069728608890499
7,0.3128129674180206
8,0.31926032326146625
9,0.32525808180394195
10,0.32979026450169996
11,0.33321188290022946
12,0.3371484963883199
13,0.3396919373706852
14,0.34253433279927004
15,0.34514667394449894
16,0.3474764103579414
17,0.3497804554321306
18,0.3530981403027949
19,0.3527781666661592
