epoch,train_loss
0,6.992528876916175
1,5.411617670358564
2,4.9234109502202195
3,4.630029449548422
4,4.44432909927026
5,4.297593337003426
6,4.193683410439256
7,4.1073630508286
8,4.026679641997333
9,3.963109315778108
10,3.9040954701034476
11,3.855844506233797
12,3.8257373213233437
13,3.7948989012850776
14,3.75141959019306
15,3.722625266276133
16,3.706060024654919
17,3.661022007732648
18,3.637207015212876
19,3.6318608078721395
