rl_model,dropout,dropout_rate,train_acc,train_reward
xglm_large,None,0.0,0.279850074118867,0.6092472673201975
xglm_large,quantile,0.8,0.2904263540406823,0.7036845528754052
opt_large,None,0.0,0.2305794607342673,0.2435410535771852
opt_large,quantile,0.8,0.3346239899626533,0.5862413241387006
