rl_model,dropout,dropout_rate,train_acc,train_reward
xglm_large,None,0.0,0.3116017877928679,0.4026213060621085
xglm_large,quantile,0.8,0.3059825327617027,0.4059680683243555
opt_large,None,0.0,0.2502679160426436,0.3260548437660369
opt_large,quantile,0.8,0.3817345163067699,0.3786048626760258
