epoch,train_acc
0,0.09567568172187015
1,0.20815349393628638
2,0.2566447120343623
3,0.2811834359115549
4,0.2993320252061425
5,0.3120247102906351
6,0.319517236386714
7,0.32678671709090606
8,0.3339732805175097
9,0.33972813837196797
10,0.3436577447059443
11,0.34829386200070916
12,0.3529755243271456
13,0.3547855947049744
14,0.35881095897456455
15,0.3615832871385754
16,0.36345291431709253
17,0.36602671905483364
18,0.36892633587790175
19,0.3711252799215873
