epoch,train_loss
0,6.909944818693426
1,5.2276559923796375
2,4.727460147019459
3,4.437879314337076
4,4.249854757112238
5,4.104896200077416
6,4.000063470660838
7,3.90904095247722
8,3.827135346930123
9,3.7517549531876773
10,3.6936991653100257
11,3.6450325127674326
12,3.6030144092747984
13,3.5722767761469956
14,3.5281600642097373
15,3.4918992241401843
16,3.469424629425254
17,3.4387655525464114
18,3.4039679140253454
19,3.3916515470085655
