epoch,train_reward
0,0.229423552212794
1,0.5900727109524166
2,0.6683429034568804
3,0.6282297442312198
4,0.6438196991056605
5,0.6126455639242592
6,0.625588960043518
7,0.620174288215124
8,0.633686509100311
9,0.6109567153614198
10,0.6062642134091245
11,0.6226852337073853
12,0.6326431998222932
13,0.6218787616143847
14,0.6125648286310547
15,0.6135663975514638
16,0.6125934396624031
17,0.6132086197357006
18,0.6080373883781947
19,0.6144861935767357
