epoch,train_reward
0,0.995910336971283
1,0.9957788968086243
2,0.9687552070617675
3,0.969777090549469
4,0.9970428264141082
5,0.9978777241706848
6,0.9978789782524109
7,0.9994826436042785
8,0.9981029498577118
9,0.9980921185016632
10,0.9987051200866699
11,0.9980482065677643
12,0.9972838652133942
13,0.9952255141735077
14,0.9959136843681335
15,0.9919471180438996
16,0.9975184965133667
17,0.9932046329975128
18,0.988958181142807
19,0.9893625962734223
