epoch,train_loss
0,6.495075849023196
1,4.770350571906213
2,5.209866818815175
3,8.899143181224861
4,15.846722985258197
5,20.13008677133239
6,27.60274592484578
7,35.13293164319331
8,51.34338361910074
9,55.166783313940066
10,78.61103648950558
11,88.66601545503823
12,91.76881773164956
13,107.9246891890422
14,163.3495876765487
15,199.4621077433671
16,168.87318552602636
17,229.5114607480493
18,294.7263551466536
19,350.0699345050472
