epoch,train_acc
0,0.16220926291016732
1,0.2399592534048476
2,0.27602685830215684
3,0.2922685044244901
4,0.3005098356264128
