,BLEU,ROUGE_1,ROUGE_2,ROUGE_L,METEOR
0,0.14412259561710322,0.31348157829561984,0.18189210948348283,0.2940006400141728,0.24571128664446462
