epoch,train_loss
0,8.78807866780397
1,4.288909836383374
2,3.967145820409429
3,3.7826360887096775
4,3.6558671293424316
