epoch,train_reward
0,0.6318007605543208
1,0.6229839832625969
2,0.6511708300551469
3,0.670307550884358
4,0.6905797867118277
