epoch,train_acc
0,0.12987134024143873
1,0.14398488445975668
2,0.15232720396051191
3,0.15246354609995316
4,0.15702565068364774
