epoch,train_loss
0,15.11240442620651
1,23.520333543771045
2,40.97660634118967
3,53.97648358585859
4,58.31146534792368
