epoch,train_reward
0,0.198478674074984
1,0.3193462304060173
2,0.35089514736508415
3,0.36090862132215873
4,0.373565598736976
