epoch,train_acc
0,0.005729166651144623
1,0.008187499986961484
2,0.025109374970197676
3,0.026161458268761636
4,0.023973958361893893
5,0.015729166641831396
6,0.020380208399146796
7,0.016671875063329934
8,0.013723958297632635
9,0.013031250042840838
10,0.012354166731238365
11,0.01761979159899056
12,0.01866145833628252
13,0.016494791619479657
14,0.017708333246409892
15,0.012078125067055225
16,0.010963541641831397
17,0.011124999932944775
18,0.011333333356305956
19,0.01464062498882413
