epoch,train_loss
0,9.650411930084228
1,7.522434911727905
2,6.971938285827637
3,7.290053262710571
4,8.244028100967407
5,10.37846649169922
6,12.00157148361206
7,15.94285306930542
8,21.889764976501464
9,30.977760467529297
10,38.30565437316895
11,43.2688558959961
12,29.89007278442383
13,54.47272384643555
14,62.11403854370117
15,81.84148818969726
16,89.9546876525879
17,104.31313903808594
18,112.69201614379882
19,109.52476654052734
