epoch,train_reward
0,0.46989895677685145
1,0.5107066594249573
2,0.7467949268829763
3,0.7915037538281721
4,0.7870721742881471
5,0.7910166041768012
6,0.7850991873005729
7,0.7909758307447481
8,0.7888089581508542
9,0.7921572864352174
