epoch,train_acc
0,0.03486547087039381
1,0.03365564258610454
2,0.018264200262758764
3,0.01949037739697994
4,0.019760136463316032
5,0.021512985768239328
6,0.020383735120530353
7,0.021058716356019268
8,0.02124673022466791
9,0.021402045992524633
10,0.020887051491826906
11,0.0207737761679118
12,0.021280595986799006
13,0.020799467486283436
14,0.019992526202993008
15,0.01937593420708527
16,0.018316750748776266
17,0.013608230534740494
18,0.017219030319174308
19,0.016165685723013676
