epoch,train_loss
0,9.50519734968519
1,21.178862212484727
2,120.46615032657914
3,194.831617825769
4,253.1014880022126
5,406.45737405956595
6,640.9807176803794
7,827.4285458962479
8,1061.1018159464336
9,1261.2687681736968
10,1620.4026322300658
11,2114.081726347919
12,2106.802357763453
13,2748.1702607159123
14,3345.958890222113
15,3174.0292355661436
16,4206.274208787311
17,4487.5386284114
18,4427.295793336603
19,5386.126342226037
