epoch,train_acc
0,0.12799430568231307
1,0.1352887812257612
2,0.14271927865020834
3,0.14796369685609193
4,0.14880513027545733
