epoch,train_loss
0,10.3821291485732
1,34.128445835918114
2,60.4727047146402
3,65.01254264888337
4,69.31199596774194
