epoch,train_reward
0,0.3294164942619079
1,0.43019406077805583
2,0.4726910392566591
3,0.45269977965070946
4,0.4809582395012266
