epoch,train_acc
0,0.16168307415332242
1,0.23992336557905514
2,0.2766460809011192
3,0.29401113115345895
4,0.3023315597108767
