,BLEU,ROUGE_1,ROUGE_2,ROUGE_L,METEOR
0,0.14506298230028655,0.31509006187728955,0.18303627810282824,0.29577057633941917,0.24691930741654128
