epoch,train_loss
0,8.97230730459057
1,4.29719486662531
2,3.9679551799007444
3,3.7701249418424316
4,3.6387469951923075
