epoch,train_reward
0,0.6351384412192234
1,0.6263044037608887
2,0.6536727478131467
3,0.675479893796793
4,0.6998429055101523
