epoch,train_acc
0,0.22202030448647445
1,0.20780240425522406
2,0.21206249786415596
3,0.2176436018461744
