epoch,train_loss
0,10.046506734006734
1,14.78415667087542
2,15.325520833333334
3,16.008470117845118
