epoch,train_reward
0,0.43071377339253386
1,0.42562583491925304
2,0.44091548771502326
3,0.4612489700584968
