epoch,train_reward
0,0.4032405651234174
1,0.40308250189737044
2,0.4028608363315023
3,0.4026213060621085
