epoch,train_acc
0,0.3168961949616969
1,0.31588973011675076
2,0.31846989245326035
3,0.3278919106430011
4,0.33163844616545796
