epoch,train_loss
0,3.4925185009820425
1,3.000072337962963
2,2.728835665684624
3,2.7548641799943883
4,1.7127097800925926
