epoch,train_reward
0,0.48025052353120945
1,0.5079337103599652
2,0.5205115479585432
3,0.5203359619401788
4,0.5282592681120541
