epoch,train_acc
0,0.13034610443359362
1,0.14295902885738032
2,0.14932712832704312
3,0.1514521089579078
4,0.15571675811536967
