epoch,train_loss
0,15.11994072671156
1,30.329203493265993
2,50.410230780022445
3,61.20331790123457
4,63.707982603815935
