epoch,train_reward
0,0.09919233714109109
1,0.22609182778331968
2,0.3068652492848577
3,0.33352647285268766
4,0.34380273668118466
