epoch,train_acc
0,0.17488271000002156
1,0.2389583107700131
2,0.27871094964194115
3,0.2976259305217427
4,0.3008290997926704
