,BLEU,ROUGE_1,ROUGE_2,ROUGE_L,METEOR
0,0.10038634441552091,0.28738528649353906,0.1684447636045706,0.27235875450229,0.20642558509505307
