epoch,train_loss
0,8.222068778058361
1,4.320770640432099
2,4.271802223625141
3,4.24553477483165
4,5.033117634680135
