epoch,train_reward
0,0.11516560883811068
1,0.2642683838018531
2,0.38665079046981504
3,0.43799165449827476
4,0.4254244596067101
