epoch,train_reward
0,0.4912967205937229
1,0.6960325347843455
2,0.6987383697756487
3,0.6425726327730056
4,0.6296187680752123
5,0.6282014882386621
6,0.6292911910299045
7,0.6276775373155205
8,0.6269321011666634
9,0.6235247788144581
