epoch,train_acc
0,0.34031829469303404
1,0.3816996069506969
2,0.3981156441755718
3,0.40008889831105104
4,0.41381251200405567
