epoch,train_loss
0,3.312107621352413
1,2.9737566638608306
2,3.114491266835017
3,3.1848958333333335
4,3.0747930695847363
