epoch,train_reward
0,0.4615158390182705
1,0.5078212232501419
2,0.519939495992714
3,0.5348587517452026
4,0.5428735199734552
