epoch,train_acc
0,0.32453251668751687
1,0.32470228648275123
