epoch,train_reward
0,0.22484134135277647
1,0.22480791115447094
