epoch,train_acc
0,0.13505658522528804
1,0.14708702513527688
2,0.15330174967202279
3,0.15521513276778445
4,0.15628002390676285
