epoch,train_loss
0,14.332040018237935
1,24.540544332211
2,43.81288580246913
3,54.56437640291807
4,58.05289001122335
