epoch,train_reward
0,0.2754115200592111
1,0.44215279345961933
2,0.4788102981551863
3,0.4764390203487191
4,0.46193238052588653
