epoch,train_loss
0,9.566107025146485
1,7.15539740562439
2,6.679549446105957
3,6.7554491424560545
4,6.813261194229126
5,6.869608163833618
6,6.74883584022522
7,6.647941179275513
8,6.9834581565856935
9,7.117053384780884
10,7.09757830619812
11,7.260389337539673
12,7.439151134490967
13,7.679539604187012
14,8.118256950378418
15,7.936696281433106
16,9.341143989562989
17,9.504181442260743
18,10.589244899749756
19,10.962513332366944
