epoch,train_acc
0,0.1565605985401002
1,0.2081581392283303
2,0.19595851314582047
3,0.2084705571224224
4,0.20743795769436554
5,0.20514184695341442
6,0.20940807356464028
7,0.21579960228818024
8,0.20928349984003633
9,0.21497706056056093
