epoch,train_reward
0,0.17287653917027218
1,0.5080843412124358
2,0.519541927554586
3,0.5331221997469395
4,0.5275578633085027
5,0.52619255166333
6,0.5328430583079656
7,0.5313605842021134
8,0.5341380434530275
9,0.5490889307614919
