epoch,train_acc
0,0.5646406257152558
1,0.5543906247615814
2,0.5772395861148835
3,0.5975729155540467
4,0.5535104203224183
5,0.5077552056312561
6,0.4962135410308838
7,0.48467708468437193
8,0.4874270838499069
9,0.47614062309265137
10,0.3843281263113022
11,0.44881250023841857
12,0.4431770825386047
13,0.3847812521457672
14,0.3916666656732559
15,0.18096354171633722
16,0.2016041675209999
17,0.24053645879030228
18,0.21317708402872085
19,0.14106770768761634
