epoch,train_loss
0,8.424381996268657
1,7.144570118159204
2,8.072897232587065
3,10.395075404228855
4,17.83348880597015
5,19.861318407960198
6,22.568602300995025
7,21.07489894278607
8,26.786147388059703
9,23.74238184079602
