epoch,train_acc
0,0.06896407687014694
1,0.08267189224965721
2,0.08989746313797385
3,0.09160716045002368
4,0.09463037481848727
