epoch,train_loss
0,45.288203212682376
1,79.11360129068463
2,105.22390572390573
3,119.24480920314254
4,121.75476992143659
