epoch,train_reward
0,0.721181568782672
1,0.7747882859474079
2,0.7717962869757621
3,0.7871562046501639
4,0.7837530988635439
