epoch,train_loss
0,3.8165255074009234
1,2.814119747401353
2,2.741296234686813
3,2.7140559786638336
4,2.690624223161706
5,2.678011140481239
6,2.6703019430819115
7,2.670109564947975
8,2.65977112380913
9,2.654798585737767
10,2.6512712983272535
11,2.6514587135058347
12,2.6476324385057115
13,2.645955573282969
14,2.647410528542215
15,2.6453443118809585
16,2.641516874723905
17,2.63849560776099
18,2.643763657642587
19,2.6414596628180536
