epoch,train_acc
0,0.12954792201387885
1,0.14712113775162583
2,0.15533912228637362
3,0.15569873548955215
4,0.1590755782270392
