epoch,train_loss
0,15.741415895061728
1,31.05463489057239
2,48.55495931537598
3,61.670138888888886
4,63.01136363636363
