epoch,train_reward
0,0.21491130210216733
1,0.34369662678335383
2,0.36447557372142436
3,0.37151661672442315
4,0.39278818059850623
