epoch,train_loss
0,6.784642590154515
1,5.083317600854553
2,4.48323661738103
3,4.236885771893038
4,4.089046398011765
5,3.9595656052674397
6,3.865002357133544
7,3.800763976455915
8,3.727060590640153
9,3.662710724490704
10,3.6099597475316263
11,3.5759850126681942
12,3.5276939266979106
13,3.4972036534016677
14,3.4642588313263243
15,3.4329113594376213
16,3.3960155118810067
17,3.3749765724238783
18,3.3570908024759576
19,3.338805003921584
