epoch,train_reward
0,0.29780557913945455
1,0.6860193189713034
2,0.7626634110318552
3,0.8356656449856145
4,0.837292876869145
5,0.8323979076772633
6,0.8241623300727051
7,0.8078436686260866
8,0.8035338456087774
9,0.768972781330052
10,0.7747429075217483
11,0.7977437515660087
12,0.7907792365196908
13,0.809481030938649
14,0.8042769018966373
15,0.8106539668423114
16,0.8209107450329431
17,0.8074025730095288
18,0.8119739503553598
19,0.7996018856468767
