epoch,train_loss
0,7.264697731343086
1,5.95331986388818
2,5.526181898844082
3,5.2538146438085445
4,5.083809692228856
5,4.941102857546956
6,4.848544432977924
7,4.7656204411801735
8,4.692103941878931
9,4.616209517679941
10,4.567907143066817
11,4.524510988740109
12,4.491983165655435
13,4.453724035767697
14,4.414674149500415
15,4.391411469121685
16,4.3660284756545
17,4.332930620475735
18,4.311745752668167
19,4.293636709050747
