epoch,train_reward
0,0.09990439140718146
1,0.45988899228818747
2,0.6703087617998166
3,0.649149216210361
4,0.6886539592871217
5,0.6547903708545616
6,0.6593220537286169
7,0.7359729243500885
8,0.7078290060496651
9,0.7346909888122114
10,0.7402462010426372
11,0.7386140574788833
12,0.7244670158544464
13,0.7282168017909131
14,0.7272538050942357
15,0.7308053414383276
16,0.7271946492216512
17,0.7278423998922511
18,0.759414560324408
19,0.7701412351142131
