epoch,train_reward
0,0.4801690112150724
1,0.37160220416031076
2,0.37272067390271085
3,0.3727264364263905
4,0.37314251198697446
5,0.37518462049427315
6,0.37848574353094716
7,0.387463799311747
8,0.3879737060758012
9,0.3813447587525667
