epoch,train_reward
0,0.8753033460366844
1,0.7776585132768838
2,0.8153549621600916
3,0.7533345907041342
4,0.7626551283468114
5,0.7046818585679082
6,0.7313834467146656
7,0.7315944741563042
8,0.68887196791054
9,0.6356964400499174
10,0.7432410908807622
11,0.6866941726443792
12,0.6410977082087261
13,0.5992815587485191
14,0.5598135255645997
15,0.6654897023840706
16,0.6792751609688938
17,0.6873098619208478
18,0.7244310756721118
19,0.7512112628705431
