epoch,train_loss
0,7.274836548775301
1,5.890726568452981
2,5.432198032669957
3,5.136248900751362
4,4.940116706984995
5,4.79057705242003
6,4.682361046829565
7,4.595797893712339
8,4.5184118523191446
9,4.450681143277429
10,4.392662202296235
11,4.353131739013398
12,4.3191970752493685
13,4.280716297337827
14,4.23438119460649
15,4.21624955040457
16,4.202840404125607
17,4.148337962916079
18,4.1247927693508135
19,4.125416527949106
