epoch,train_reward
0,0.1120812139168983
1,0.32064380279570953
2,0.4852651533390909
3,0.669514939523064
4,0.6736351301049972
5,0.6851649961931289
6,0.6684656680432136
7,0.682450076122455
8,0.6837495461173122
9,0.6770596767487548
10,0.6476264102843845
11,0.6790797226632123
12,0.6797843669027491
13,0.6709923137463796
14,0.6846061127068216
15,0.639145496313882
16,0.6726125525519452
17,0.671086803947329
18,0.6449582354904825
19,0.6565229112257337
