epoch,train_reward
0,0.005673007818404585
1,0.001432369686081074
2,0.001416762987500988
3,0.001411697911680676
4,0.0013957294478313996
5,0.0014106749469647184
6,0.001428178014466539
7,0.0013859431515447795
8,0.006373604897526093
9,0.008293311013840138
10,0.010857343834941276
11,0.07101080452150199
12,0.12050019011832774
13,0.07451012464240193
14,0.12423766068648547
15,0.08318980939686299
16,0.03857724635803606
17,0.04245967151597142
18,0.26653665243029534
19,0.24257846471099584
