epoch,train_loss
0,9.31623888015747
1,6.874395208358765
2,6.433891725540161
3,6.337384290695191
4,6.243707399368287
5,6.17915415763855
6,6.094206171035767
7,6.056649951934815
8,6.002215452194214
9,5.946937351226807
10,5.874934158325195
11,5.758949203491211
12,5.643274230957031
13,5.519317493438721
14,5.423219394683838
15,5.320513668060303
16,5.256033458709717
17,5.201871299743653
18,5.130296649932862
19,5.091573848724365
