epoch,train_acc
0,0.09361979203058941
1,0.22729733829746152
2,0.2662657294975649
3,0.2903465352731176
4,0.30620874538279996
5,0.3183194103807506
6,0.32698277553709426
7,0.3340527033156688
8,0.34163572764632727
9,0.346600401667085
10,0.35104553342455685
11,0.35640470299980426
12,0.35947813521517386
13,0.3625902433206539
14,0.3659356953483997
15,0.3688892325257311
16,0.37329568913077366
17,0.374475298984216
18,0.3764065080645061
19,0.37826423258474556
