epoch,train_loss
0,6.507337921916848
1,4.543460418682288
2,4.119252341808659
3,3.8994199899163577
4,3.755336067464092
5,3.6384111808078123
6,3.5522263463180845
7,3.4833935912292784
8,3.4181472051261674
9,3.361376938253346
10,3.318516239081279
11,3.276004464319437
12,3.242563061194845
13,3.2085227210922995
14,3.176328450146288
15,3.1451576192780295
16,3.118046840818802
17,3.094641139011572
18,3.073820101152552
19,3.055194631661519
