epoch,train_reward
0,0.4752998290518623
1,0.6098411511722489
2,0.6812018422938105
3,0.684942378926633
4,0.6986429353258503
5,0.7011912441372279
6,0.6872434500438064
7,0.6968638736810258
8,0.6982780259046981
9,0.6858570457097903
