epoch,train_loss
0,4.436257055490324
1,3.3583753769940667
2,3.3252485235138693
3,3.3054405132142626
4,3.2968993092527485
5,3.2855276424105804
6,3.28989304764436
7,3.2881012824502323
8,3.2881681435179004
9,3.283638615419369
10,3.286218077829569
11,3.287301211073847
12,3.284791901560113
13,3.2860968478835457
14,3.2918336119982277
15,3.287291413486594
16,3.285469693712669
17,3.283484899171508
18,3.289039575227416
19,3.283742944792946
