epoch,train_reward
0,0.7295242596675854
1,0.808883146189227
2,0.8335683443168602
3,0.8425797586983973
4,0.8463432774095252
5,0.8497642564891589
6,0.8550223268494748
7,0.8591409110196746
8,0.8736257446874486
9,0.8656164935909876
10,0.8544940473419604
11,0.8658627543118921
12,0.8616010794545165
13,0.8705759724177936
14,0.8693621866773851
15,0.8700869230940791
16,0.8713318909158801
17,0.8719696555987443
18,0.8697154406863864
19,0.8798117333709603
