epoch,train_loss
0,4.843412337916912
1,3.6633561837791215
2,3.629965361982289
3,3.630081608743951
4,3.635082247233627
5,3.633154074744423
6,3.651826997794727
7,3.6582426481907913
8,3.6629795721261806
9,3.665919045410534
10,3.6740445677596743
11,3.6785348146268637
12,3.672940818390044
13,3.6728631340631166
14,3.6871494019385613
15,3.6845295677090637
16,3.688344892888966
17,3.6822087162792094
18,3.692891459653873
19,3.689400286957769
