epoch,train_reward
0,0.7084501996488854
1,0.8243520135926728
2,0.8362136279592419
3,0.8463592971905624
4,0.8559796730480572
5,0.8399798896643195
6,0.8550028677033906
7,0.8646801798650534
8,0.8757471173706621
9,0.8776713745428784
10,0.8795794269236008
11,0.8562766222080381
12,0.8630450586281201
13,0.8769207579074519
14,0.8781121827588223
15,0.8672973551962635
16,0.8783104652815527
17,0.8719101291481811
18,0.8721572278749825
19,0.8691279961921201
