epoch,train_loss
0,7.5461265367242785
1,6.582082902369478
2,6.207923722374065
3,5.913450801319071
4,5.699428667402054
5,5.541132088733895
6,5.408600954731484
7,5.301813959540808
8,5.197014457976337
9,5.112389833937846
10,5.050060926531462
11,4.992058563660079
12,4.968199768408532
13,4.919548676152935
14,4.882120900089966
15,4.856314473088013
16,4.8395686384808325
17,4.78722456004053
18,4.759995924517713
19,4.761987587796199
