epoch,train_reward
0,0.07182257031111439
1,0.4458912021142218
2,0.4742440669525899
3,0.5644781903568404
4,0.6739775589228746
5,0.5976341583269059
6,0.6658651902269355
7,0.6476463500427023
8,0.6384114238178783
9,0.7418766211501151
10,0.7283558596944595
11,0.7314778106629581
12,0.6808378542752543
13,0.742323372128833
14,0.730269297890599
15,0.6737815763116417
16,0.7139838877814768
17,0.7138930115464557
18,0.7360504526193901
19,0.7282229402674688
