epoch,train_reward
0,0.4780462791834177
1,0.5077251759879792
2,0.4968633196011787
3,0.5105015515211986
4,0.5156136009457934
5,0.5279641732773973
6,0.5353269730715474
7,0.5238247440267572
8,0.5196316016361853
9,0.5406485253385365
10,0.5420589938826625
11,0.5327830412195402
12,0.5268233720497165
13,0.5415511276957166
14,0.5470406970368372
15,0.5470565268811624
16,0.5353658057649039
17,0.5478171095452501
18,0.5495781326507774
19,0.5372916032380587
