epoch,train_acc
0,0.10536481655566148
1,0.23304605764658462
2,0.28914774840722707
3,0.3209431051138805
4,0.3390461503122954
5,0.35105217732656163
6,0.3520050916169256
7,0.35091787977603517
8,0.3588132937125561
9,0.358089265534696
10,0.3584863115853793
11,0.3600336329284805
12,0.35569296503280845
13,0.3552713940763687
14,0.2134353979499833
15,0.0002487388005137711
16,0.00023355755984737233
17,0.0002428998618862788
18,0.00025340995199001087
19,0.00023706092221470292
