epoch,train_loss
0,6.828712375709294
1,4.91193494668456
2,4.308694830924406
3,3.9765320914743194
4,3.845480975548783
5,3.800140857696533
6,3.98065514201006
7,4.0387157966203215
8,4.0610468109626945
9,4.446721184948634
10,4.503923169165983
11,5.090635353139698
12,5.07604177115744
13,5.055368939857312
14,
15,
16,
17,
18,
19,
