epoch,train_acc
0,0.05864980369138076
1,0.11116521879028311
2,0.15242666249986186
3,0.17379133951236314
4,0.19163396834258006
5,0.2040475522723433
6,0.21414541262682243
7,0.22226270525444783
8,0.23036715274701738
9,0.23792040341370843
10,0.24308552823526441
11,0.2476328942139587
12,0.2525703005592919
13,0.2563410877112316
14,0.25960739010385336
15,0.26115354113781936
16,0.2643077346776098
17,0.26721669459556785
18,0.2715269994040776
19,0.27113228755681507
