epoch,train_loss
0,7.404670918468937
1,6.295914940769897
2,5.914196290242832
3,5.677086934915038
4,5.521091839657771
5,5.369774258190207
6,5.262428948697488
7,5.173477895591291
8,5.096094422276245
9,5.033337937342212
10,4.976988873674196
11,4.914285480174248
12,4.873921007318882
13,4.835798265688088
14,4.804196391939582
15,4.778420354218761
16,4.7549414356727775
17,4.739421513048523
18,4.700093098285487
19,4.694819215167263
