epoch,train_reward
0,0.1522218226517797
1,0.5069354291788131
2,0.8289962881349128
3,0.8444424774080114
4,0.848029413565392
5,0.8348412449584414
6,0.8391074166704187
7,0.8373355138462221
8,0.8376594763165632
9,0.817868115388759
10,0.8101221991226812
11,0.8104167091472266
12,0.7242665253412564
13,0.7938847933382197
14,0.7739545093523548
15,0.7681673155771778
16,0.7828038516600571
17,0.7685815264291292
18,0.7546323364091027
19,0.7334038772925133
