epoch,train_acc
0,0.15664255137657332
1,0.23063378860965683
2,0.26791016581700217
3,0.2857407357732954
4,0.29514772505742676
