,BLEU,ROUGE_1,ROUGE_2,ROUGE_L,METEOR
0,0.14399138417316587,0.31238306408035027,0.18150937401001116,0.29397377615759546,0.24698164282652166
