epoch,train_loss
0,9.698404544044665
1,4.411833126550868
2,4.067995890198511
3,3.873924084987593
4,3.742483134305211
