epoch,train_reward
0,0.6499814495037566
1,0.6286598976063669
2,0.6550475850368552
3,0.6829494925645682
4,0.705161086382996
