epoch,train_acc
0,0.06372384143984906
1,0.13251237875276617
2,0.16955927675882262
3,0.20130208315068832
4,0.2195697871157941
5,0.232632661079612
6,0.24362037568081654
7,0.25114443283444565
8,0.2596903035058034
9,0.26701583569627174
10,0.2694389949732297
11,0.27490307370643446
12,0.27885720267424136
13,0.2838856966773491
14,0.2868728981157055
15,0.28881609680406717
16,0.29158725706451144
17,0.2937219725595996
18,0.2969520750869015
19,0.29842465394280954
