epoch,train_loss
0,7.298862771603024
1,6.048638033759969
2,5.6417535089056585
3,5.3641279738045595
4,5.1683688976304945
5,5.019792505443898
6,4.913046958735171
7,4.825685398461038
8,4.753236824086963
9,4.669778276452035
10,4.62144775775516
11,4.583731691933534
12,4.537102628716439
13,4.501426508608421
14,4.457102456969531
15,4.427596639624626
16,4.3974306551330296
17,4.367590136592163
18,4.337891585089166
19,4.32087262542793
