epoch,train_acc
0,0.032582445663187
1,0.01754717862352545
2,0.0066493834079673405
3,0.008773589295840451
4,0.008209547844157877
5,0.009367993311338427
6,0.00763266068343449
7,0.005873972347221283
