epoch,train_reward
0,0.4009889370172949
1,0.26654256544506066
2,0.31059890517739436
3,0.35669304178234174
4,0.32449626029707124
5,0.3141868901543419
6,0.30131223407728525
7,0.28270587940687825
