epoch,train_loss
0,6.551639228764147
1,4.464719257732429
2,3.866389826972886
3,3.5844179120394264
4,3.4007288087712655
5,3.2595661123200217
6,3.1550507569076993
7,3.077944006070052
8,3.0077912087487704
9,2.9437739317960077
10,2.8924094568384757
11,2.8536048761688835
12,2.8183682566822164
13,2.7836705859344786
14,2.754693918889112
15,2.7255271767625713
16,2.6996309910670364
17,2.675182615176286
18,2.6511630268380193
19,2.6378486156463623
