epoch,train_reward
0,0.6217918992042542
1,0.5842402719035007
2,0.7063085799760157
3,0.7652356786893146
4,0.8010073675967679
5,0.8345555792940725
6,0.8434343568169245
7,0.8537203271200161
8,0.8575541143960291
9,0.8513083791378702
10,0.8538187692070952
11,0.8670237828599344
12,0.862336133081134
13,0.8625215678521903
14,0.8596368573679782
15,0.8799791873091518
16,0.8758616335321181
17,0.8711100117404862
18,0.8717501375934865
19,0.8731059880539922
