epoch,train_acc
0,0.3505005773711874
1,0.3686022375050007
2,0.3760137947602232
3,0.380380656440032
4,0.38236156064018606
