epoch,train_loss
0,3.5635351761190233
1,3.234535939089522
2,3.3548706923957274
3,3.406552009155646
4,3.2678841079603256
