epoch,train_reward
0,0.2123266538246966
1,0.22088666373933927
2,0.2302881112418849
3,0.23976767083605333
4,0.2550519588247078
