epoch,train_reward
0,0.013677532486617565
1,0.009700785931199789
2,0.009719236446544528
3,0.00973851276561618
4,0.009700761679559945
5,0.00965689924545586
6,0.009733792962506413
7,0.009683523019775748
8,0.009697605995461345
9,0.009704726552590727
10,0.009706171862781048
11,0.009705653274431824
12,0.009677771078422666
13,0.00974148347042501
14,0.009653052045032383
15,0.009734809985384346
16,0.009685557996854187
17,0.009744536532089114
18,0.009660186413675546
19,0.009701378159224987
