epoch,train_acc
0,0.07941307012208909
1,0.17408562241113773
2,0.21425401703391908
3,0.23896557346587757
4,0.25739209601162794
5,0.26835995892505476
6,0.27704596399191783
7,0.2816178527380854
8,0.2891185548273437
9,0.2926114077258003
10,0.2961427975663155
11,0.3012635464625508
12,0.3047435529563459
13,0.3069927121758996
14,0.30990634317355303
15,0.31168021348559805
16,0.31405782859956205
17,0.31629414208266765
18,0.31962700836327046
19,0.31896020104532286
