epoch,train_loss
0,7.16289011138437
1,5.722339290139921
2,5.295933655024644
3,5.053498430636966
4,4.896298786984431
5,4.7594441704685915
6,4.659704150640376
7,4.588593361089048
8,4.513919362038241
9,4.459495215137978
10,4.404153505248339
11,4.360805419528431
12,4.337351916616807
13,4.294965808167051
14,4.261177223359523
15,4.235531548213531
16,4.224409476523976
17,4.188298707585698
18,4.171771312508348
19,4.152649493495445
