epoch,train_reward
0,0.2831380322508748
1,0.8431951499840604
2,0.8302599833150616
3,0.7889493461948873
4,0.7067355655233957
5,0.6832743700042434
6,0.6476463842552339
7,0.6989212231251156
8,0.6739938916646846
9,0.6582404987159866
10,0.6883472730760617
11,0.7074672782902226
12,0.634835835395907
13,0.6745844106503132
14,0.6527934222745254
15,0.6641274035778816
16,0.6592916504150014
17,0.686609564607988
18,0.6484580269843474
19,0.6760197173586875
