epoch,train_acc
0,0.12763492508029137
1,0.14029955919014628
2,0.14923423120494034
3,0.15071148822013233
4,0.1540642507422897
