epoch,train_loss
0,14.095139765712682
1,28.350808431537597
2,47.51669472502806
3,60.14295735129068
4,62.75968013468013
