epoch,train_reward
0,0.08613067411939905
1,0.18581588448816544
2,0.26469408239914244
3,0.3027738290101992
4,0.32113143708034264
