epoch,train_loss
0,9.079866132736207
1,6.907991132736206
2,7.203790225982666
3,7.85794958114624
4,7.650864458084106
5,7.741096782684326
6,7.6178215217590335
7,8.198231391906738
8,8.236470737457275
9,8.192577476501464
10,8.483341131210327
11,8.150306005477905
12,10.7979705619812
13,11.253803730010986
14,15.53062873840332
15,12.295968570709228
16,17.156427364349366
17,24.367602272033693
18,19.388248596191406
19,44.29138107299805
