epoch,train_reward
0,0.002377719279829762
1,0.5284862215194153
2,0.7585871195793152
3,0.01647325959056616
4,0.013848187702242285
5,0.013551537722814828
6,0.0566936169564724
7,0.014450418123742566
8,0.012048853256274014
9,0.013100824393332005
10,0.05808471382595599
11,0.015187178375199437
12,0.02730045431293547
13,0.09289926636964083
14,0.035939573366194966
15,0.17361501760780812
16,0.28121188513934614
17,0.2437539074383676
18,0.35132269483059647
19,0.33483024952933194
