epoch,train_acc
0,0.2995260125818876
1,0.31968929219382186
2,0.33080213457246094
3,0.33386496509793395
4,0.3356190812980633
