epoch,train_loss
0,3.5112825682382134
1,3.457864841811414
2,3.3694217199131513
3,3.3216961654776673
4,3.2833145936724564
