epoch,train_reward
0,0.5197920440961942
1,0.5257651970049287
2,0.5476867539932947
3,0.5521988604337938
4,0.5638229729002227
