epoch,train_acc
0,0.1417255254763101
1,0.21240070205387362
2,0.248266084516461
3,0.2704128438176843
4,0.28335165905700377
