epoch,train_loss
0,11.188750387717121
1,4.648195176799008
2,4.266984433157568
3,4.050655241935484
4,3.9099430055831266
