epoch,train_reward
0,0.7204961701115565
1,0.7282282277126217
2,0.7300754112390736
3,0.7389852318597671
4,0.7368645513828714
5,0.736876729708999
6,0.7472636076941419
7,0.7486038629095353
8,0.7602282409644245
9,0.7518067353993506
