epoch,train_acc
0,0.17642394305072598
1,0.23421322771171782
2,0.27343207943407366
3,0.2928468857103441
4,0.2931399137150328
