,BLEU,ROUGE_1,ROUGE_2,ROUGE_L,METEOR
0,0.09905841986886839,0.27946418622864844,0.1660711943336283,0.26580617836662634,0.1984528257325659
