epoch,train_loss
0,8.174825512065095
1,4.371486128647587
2,4.324630857182941
3,4.3577046506734005
4,5.44209455667789
