epoch,train_reward
0,0.3419288855660644
1,0.458265901882908
2,0.4449512910695724
3,0.44120409663277443
4,0.44471863480796986
