epoch,train_acc
0,0.05971832955966081
1,0.12033352038651839
2,0.1564146576975493
3,0.18532674742921051
4,0.2052410310426635
5,0.21814158271513712
6,0.2278715904651736
7,0.23835598907930433
8,0.2443665917545156
9,0.2510089683826729
10,0.25456371408941497
11,0.259777886651022
12,0.2627312211578737
13,0.26799911320744074
14,0.2710995885956982
15,0.2748365096179894
16,0.27430633472220245
17,0.2783387053440505
18,0.28255558708858064
19,0.28364629970003136
