epoch,train_loss
0,7.311467207066147
1,6.1181011028888515
2,5.71765028521619
3,5.443728256653243
4,5.2435848723612555
5,5.097473488794849
6,4.9828723642323585
7,4.8904981891135995
8,4.819116459833667
9,4.739469040669668
10,4.69030540620265
11,4.64304280387981
12,4.598210283459035
13,4.557066051414729
14,4.513315673366256
15,4.489619034822746
16,4.466623199360253
17,4.429988444118757
18,4.40100166722798
19,4.383257853076063
