epoch,train_reward
0,0.08005642116846592
1,0.24810891864704376
2,0.5793425061242997
3,0.6965255422576127
4,0.7053871300455701
5,0.7163681198128671
6,0.6922632792605413
7,0.6448612198434068
8,0.6784958622915328
9,0.6822301538268547
10,0.6782352508718122
11,0.685674291287837
12,0.6339002079225976
13,0.6740467255692846
14,0.6909388627172051
15,0.658597990135441
16,0.6689371357049643
17,0.702835052804562
18,0.6916742332847664
19,0.699144108947617
