epoch,train_loss
0,4.259775692873662
1,3.253626051515636
2,3.213089172202762
3,3.1903886641606247
4,3.178927742608703
5,3.1639636483522926
6,3.1669826011846562
7,3.1629573047751247
8,3.1616247337643464
9,3.1564191945708626
10,3.1555346061687657
11,3.156782389867424
12,3.1544862891187764
13,3.150250462022158
14,3.1562987341739164
15,3.151395348039004
16,3.1504448935537055
17,3.1476423291876765
18,3.151563240750001
19,3.1468629955065133
