epoch,train_reward
0,0.47038332606429484
1,0.6514924358372665
2,0.6272864362493676
3,0.6274537212813078
4,0.6273589712470325
5,0.6273085068707442
6,0.6273601345754974
7,0.6280842636948201
8,0.6286741326104349
9,0.6282639613198997
