epoch,train_loss
0,6.466744807687136
1,4.372345412131583
2,3.8689930167528663
3,3.6159520940025254
4,3.448413580951124
5,3.315433394790876
6,3.216332133453671
7,3.1416563728068136
8,3.0734419315168173
9,3.0114895671901136
10,2.970088841891525
11,2.9283379257315456
12,2.884305234002595
13,2.856772798122746
14,2.823837388860117
15,2.7921595018688996
16,2.7629351639511563
17,2.7403156686537335
18,2.7134312922411628
19,2.70193877196548
