epoch,train_loss
0,9.234797297297296
1,8.069784628378379
2,7.8777449324324325
3,7.102407094594595
4,7.307326858108108
5,8.074324324324325
6,9.85768581081081
7,9.396853885135135
8,9.369298986486486
9,9.745565878378379
