epoch,train_loss
0,4.7849492192802945
1,3.9690463810223635
2,3.947798457380902
3,3.967959130291447
4,3.9843597497640704
5,3.999474435643765
6,4.025416540992635
7,4.0299296678449
8,4.039172570267065
9,4.0572234782402825
10,4.074988390832739
11,4.083926330232834
12,4.100942739991329
13,4.100959554381435
14,4.119255466846073
15,4.124286344767686
16,4.136399050999115
17,4.145578262517271
18,4.142930275656183
19,4.155602419857487
