epoch,train_reward
0,0.5306878054489469
1,0.5873417194114138
2,0.5976688475619517
3,0.5937659771185819
4,0.6242959654384664
5,0.6198756705485118
6,0.6428252212669817
7,0.6284021246059058
8,0.6662300285202505
9,0.6595574192402074
10,0.6670445193089711
11,0.6503396560792966
12,0.6529002638675707
13,0.6524267870214487
14,0.6591315499335662
15,0.6629120982815867
16,0.6755910149604216
17,0.6843009430731358
18,0.665138691262814
19,0.6841259368866548
