epoch,train_acc
0,0.040828125327825544
1,0.0536770835518837
2,0.10253645896911621
3,0.13697916612029076
4,0.17057812511920928
5,0.1890260422229767
6,0.20285416573286055
7,0.21181250095367432
8,0.22149479240179062
9,0.22893229246139526
10,0.23428645700216294
11,0.24015624970197677
12,0.24531249910593034
13,0.2504010418057442
14,0.2533489590883255
15,0.2539843732118607
16,0.26250520914793013
17,0.2646666643023491
18,0.26759895801544187
19,0.2671718740463257
