epoch,train_loss
0,9.209890661239625
1,6.73568751335144
2,6.248257446289062
3,5.956488628387451
4,5.643090534210205
5,5.3856918907165525
6,5.202858371734619
7,5.065210752487182
8,4.944907455444336
9,4.853447799682617
10,4.799565906524658
11,4.72670612335205
12,4.667410840988159
13,4.6174684715271
14,4.577447624206543
15,4.536871566772461
16,4.49638819694519
17,4.4597554397583
18,4.4268538188934325
19,4.40347580909729
