epoch,train_acc
0,0.043416666686534884
1,0.09829166635870934
2,0.1442656248807907
3,0.19863541632890702
4,0.2403072914481163
5,0.2675625020265579
6,0.28898958265781405
7,0.3037604159116745
8,0.32069270849227904
9,0.33295833349227905
10,0.3418906259536743
11,0.35057812571525576
12,0.3593437498807907
13,0.3662916678190231
14,0.3713541680574417
15,0.3796041667461395
16,0.3863593745231628
17,0.388255210518837
18,0.3943593728542328
19,0.3988333320617676
