epoch,train_loss
0,9.054146099090577
1,6.413440828323364
2,5.626482439041138
3,5.121948652267456
4,4.650074920654297
5,4.312769842147827
6,4.079421286582947
7,3.9064448404312135
8,3.755422706604004
9,3.6374849224090577
10,3.5438073873519897
11,3.449511432647705
12,3.360509839057922
13,3.2955682611465456
14,3.2299724864959716
15,3.156569786071777
16,3.1019499635696413
17,3.0562162971496583
18,3.0001725816726683
19,2.953591113090515
