epoch,train_loss
0,7.828843995510662
1,7.072969276094276
2,7.502827756734007
3,7.728837857744108
4,7.509820426487093
5,7.593482568742985
6,7.894382189955107
7,8.574977202581369
8,12.94718890291807
9,17.053205667789
