epoch,train_acc
0,0.17006142540822314
1,0.20310865068649497
2,0.2058249250923037
3,0.20549677686573678
4,0.20469800994267912
5,0.20410710934031703
6,0.20111056587621234
7,0.20082796141171136
8,0.19803928420148087
9,0.1981035127500782
10,0.19623972368614556
11,0.19527629879825317
12,0.19415872520662744
13,0.19234048050615285
14,0.1920123316781938
15,0.19269315223522784
16,0.19336463016512148
17,0.19225990297815726
18,0.19247244017808426
19,0.19013920018758473
