epoch,train_loss
0,5.188528704536336
1,4.183486855083517
2,4.161854222216414
3,4.170858624804715
4,4.199015559636958
5,4.229777310461206
6,4.266932087628831
7,4.3004127895885516
8,4.336744684809527
9,4.366648135163859
10,4.383787578531445
11,4.410291891996102
12,4.444447846690635
13,4.458514647633505
14,4.495164661664065
15,4.480180857962022
16,4.49991897403392
17,4.529654498592086
18,4.53023668254972
19,4.568537688576052
