epoch,train_acc
0,0.1974512797413837
1,0.18933906921499588
2,0.18845264728221148
3,0.1882480294013308
4,0.1913819483230764
