epoch,train_loss
0,39.192015642536475
1,56.86665263748597
2,69.51985129068463
3,76.81509539842874
4,76.27897025813692
