epoch,train_reward
0,0.4793273703217105
1,0.4643500126505273
2,0.43717555803749564
3,0.43876621632196017
4,0.4242889970273415
