epoch,train_acc
0,0.2993734264326388
1,0.3195815711111399
2,0.3297774736372738
3,0.3324908679547018
4,0.3346239899626533
