epoch,train_loss
0,3.5067632405397022
1,3.4556451612903225
2,3.380692171991315
3,3.3321402954404467
4,3.2922975147332507
