epoch,train_reward
0,0.5126054158651503
1,0.5554454904927805
2,0.5746306710444372
3,0.5746864622860925
4,0.5862413241387006
