epoch,train_loss
0,30.928484540349164
1,200.25929054978718
2,522.6377028392569
3,876.7396717841315
4,1402.0592478936028
5,1908.606139315618
6,2764.8933893725475
7,3546.259999912416
8,4040.6455811641677
9,5139.947499912416
10,5795.697876523963
11,6448.142004449272
12,8207.44040779148
13,9970.762754431755
14,9966.022942649945
15,10808.13983236407
16,12146.496479119955
17,14799.680239279709
18,16681.122389994394
19,18301.333677830717
