epoch,train_loss
0,9.277361488342285
1,6.655461282730102
2,6.140642595291138
3,5.944659986495972
4,5.727642002105713
5,5.543857631683349
6,5.3775851345062256
7,5.251850614547729
8,5.128295297622681
9,5.0306628322601314
10,4.943058385848999
11,4.856895160675049
12,4.803305072784424
13,4.740281143188477
14,4.675156049728393
15,4.617013292312622
16,4.579467363357544
17,4.533937559127808
18,4.495842580795288
19,4.452911853790283
