epoch,train_reward
0,0.9955570876598359
1,0.9955265212059021
2,0.9800985789299012
3,0.9360621869564056
4,0.9298284447193146
5,0.9586931037902832
6,0.9984578788280487
7,0.9975192558765411
8,0.9979348969459534
9,0.9978785288333892
10,0.9993089652061462
11,0.9988234674930573
12,0.9986114132404328
13,0.9983554017543793
14,0.9981474602222442
15,0.9987496483325958
16,0.9992403721809388
17,0.9990966582298278
18,0.9995352113246918
19,0.9979740893840789
