epoch,train_loss
0,3.8344278100360136
1,2.930537418399691
2,2.870426986249573
3,2.853307211880192
4,2.836099772175331
5,2.8280090494540775
6,2.825847764720831
7,2.8274282478965453
8,2.8214978968616022
9,2.823197191606188
10,2.8194275126863486
11,2.821188116287437
12,2.8213325038619104
13,2.8209801511379635
14,2.8213870215309043
15,2.827465737347111
16,2.8222544107736494
17,2.8169533864265066
18,2.8266463579083774
19,2.8250766591640866
