epoch,train_loss
0,7.051533525834704
1,5.452388791225416
2,4.9239838946560575
3,4.603071435150009
4,4.392598451520295
5,4.2339904768049985
6,4.11598167504965
7,4.021831425850701
8,3.93452989894713
9,3.8680328681329974
10,3.807006108921205
11,3.7590425869809136
12,3.7197730669526243
13,3.679220485045771
14,3.63544543013979
15,3.6040039019734333
16,3.5846633504859002
17,3.5439505085282264
18,3.510433617194137
19,3.5005000663979704
