epoch,train_reward
0,0.15268788937763247
1,0.37886530929349466
2,0.530811039187983
3,0.5958817047923135
4,0.5564383116003644
5,0.5993138768213212
6,0.5534585717013064
7,0.5562290092220221
8,0.5642434243664078
9,0.5826828975581267
10,0.5557267079171578
11,0.563372411401817
12,0.551095601956406
13,0.5559673572602294
14,0.5690282841167108
15,0.5495360680759755
16,0.5709809829301363
17,0.5647819793277792
18,0.554317618565709
19,0.5616817982207499
