epoch,train_acc
0,0.16563877262954227
1,0.15981797091636674
2,0.1636859973239693
3,0.16499150574637486
4,0.16833764974756615
5,0.1667802050957592
6,0.16960948276163648
7,0.1679161926881452
8,0.16992463000330515
9,0.1705112287719547
