epoch,train_reward
0,0.26037180404129784
1,0.26045694899402166
