epoch,train_acc
0,0.08072652961884667
1,0.09931645077042404
2,0.10399989129241559
3,0.10334480713385669
4,0.10568869717869726
5,0.10478846641306509
6,0.1055210784769803
7,0.10507882671226394
8,0.10681297315255286
9,0.10762892913521675
