epoch,train_reward
0,0.7896543911045736
1,0.8082373118078386
2,0.8077083353523735
3,0.8073177952487189
4,0.8041613923536765
5,0.7987443909451768
6,0.8050912073603621
7,0.7982919924967998
8,0.7910073880139772
9,0.8016627323520076
