epoch,train_acc
0,0.15852185595929114
1,0.22176396309772406
2,0.25785234523855294
3,0.2794218775646869
4,0.2956489366205008
