,BLEU,ROUGE_1,ROUGE_2,ROUGE_L,METEOR
0,0.10733884896471614,0.2821538004979424,0.15977877895114243,0.2657496945567643,0.210551469437127
