epoch,train_loss
0,9.185557835297418
1,4.570150287598204
2,4.471604061447811
3,4.3801820286195285
4,4.092689043209877
