epoch,train_reward
0,0.0876167937516927
1,0.1985152267362801
2,0.3330901255444378
3,0.4283708357382838
4,0.4664960604591669
