epoch,train_acc
0,0.25865097149513294
1,0.29054558985436446
2,0.29528914385312344
3,0.2962210389530712
4,0.2987819964842946
5,0.29711089259840445
6,0.29742969873240177
7,0.29758034345815
8,0.2975336326611951
9,0.29889877641682133
10,0.29719147099507764
11,0.29705016869600576
12,0.29765624997327145
13,0.2975569872578163
14,0.2968890131054438
15,0.2971085581276983
16,0.29678507931029313
17,0.2982775135959745
18,0.29709921436459497
19,0.2969147045783398
