epoch,train_loss
0,3.8091168585379562
1,2.971085484252382
2,2.921503586619424
3,2.9085771834369196
4,2.897840152406906
5,2.8998188502050835
6,2.9030993209291465
7,2.899308304081049
8,2.898606579399964
9,2.889440309841002
10,2.8986402381161405
11,2.894002831035665
12,2.89566602728292
13,2.8984942190315692
14,2.896118918876477
15,2.899270426532078
16,2.896033579993141
17,2.897765519907656
18,2.902947557346703
19,2.899336175533688
