epoch,train_reward
0,0.45510706004807766
1,0.5039171592537063
2,0.5262886815006957
3,0.5315904970126302
4,0.5452363075429548
5,0.5562745582629747
6,0.5584063898822117
7,0.5698992933393059
8,0.5700885211138448
9,0.554351725653148
10,0.5694616728299402
11,0.5832828764423661
12,0.5736615788776244
13,0.5882425729202048
14,0.5803536872959992
15,0.5933718563729872
16,0.576268229249347
17,0.5851575545131358
18,0.5892657447823495
19,0.5953568158662907
