epoch,train_acc
0,0.08969310544130514
1,0.20377545780397852
2,0.25508688283340814
3,0.2818525779674941
4,0.30128806949730946
5,0.3147947027811555
6,0.32407628033193236
7,0.33276345296825527
8,0.3406588665038481
9,0.3470244763143394
10,0.3504694502449891
11,0.35571281725515697
12,0.3601375660554176
13,0.3626810070377829
14,0.36597066476206075
15,0.36962350334287225
16,0.37212724255339447
17,0.3739711795954426
18,0.37788793952475747
19,0.37894595391012625
