epoch,train_loss
0,6.9594240765935105
1,5.260324227970277
2,4.719879477547957
3,4.411496203041932
4,4.206214592595806
5,4.045255839557391
6,3.932331486133182
7,3.8279532659214173
8,3.738915997235764
9,3.658204768270655
10,3.5988464644136986
11,3.545022578517418
12,3.4989413327700354
13,3.4637027396214917
14,3.4190639775964713
15,3.3821017250351844
16,3.359301912410377
17,3.3235789136501706
18,3.286368201131778
19,3.272588062714034
