epoch,train_reward
0,0.19586010171192378
1,0.5987184590288341
2,0.6678637115142805
3,0.6030870428801652
4,0.6004062042375317
5,0.5859054010277907
6,0.599013588086372
7,0.5760577002982922
8,0.5837855953806719
9,0.5787988248961924
10,0.5545074653732402
11,0.5910679262315212
12,0.586456653649497
13,0.5716206301755434
14,0.566350780928616
15,0.5635983669971671
16,0.5691159956925653
17,0.5668881671845646
18,0.5732701224329225
19,0.5639708822618151
