epoch,train_reward
0,0.925938619245397
1,0.8197876698899977
2,0.850637815081247
3,0.9122744246874706
4,0.773432324723442
5,0.7747882669514948
6,0.8588185449047844
7,0.917397538329115
8,0.8172050912191372
9,0.9300655344925305
10,0.9230256977647838
11,0.9085236233059722
12,0.9210471233518998
13,0.7559582794288008
14,0.7833513090073472
15,0.771527232214956
16,0.8125363983730278
17,0.836999509594228
18,0.8073894703152156
19,0.8390925696285645
