epoch,train_loss
0,7.396571678965616
1,6.293563192735339
2,5.873380896221897
3,5.585364403746053
4,5.38531861925339
5,5.22377880378689
6,5.124057213821753
7,5.013373342864717
8,4.93005598820913
9,4.856860573516299
10,4.791760609288922
11,4.732051937034846
12,4.690625710337686
13,4.639572209841467
14,4.600369466259875
15,4.579398240743731
16,4.5477939785328685
17,4.510871799537419
18,4.4747397332982635
19,4.458253834814234
