epoch,train_reward
0,0.4245680125238115
1,0.7868862558373422
2,0.4031698851441054
3,0.41820195477639616
4,0.520102186988822
5,0.5095163152089568
6,0.5992052212958913
7,0.6316849534554332
8,0.6256104496562428
9,0.5936054622111299
10,0.6276764278989202
11,0.6018419575798137
12,0.6267293586057398
13,0.6663504170729975
14,0.6268829838310122
15,0.6358535476864187
16,0.6621009910587773
17,0.6751289581504103
18,0.6620777623535806
19,0.6684127661144786
