epoch,train_acc
0,0.00873955065170971
1,0.02333760046807752
2,0.13468996279763504
3,0.13469325635561608
4,0.13469325635561608
5,0.13469325635561608
6,0.13469325635561608
7,0.13469325635561608
8,0.13469325635561608
9,0.13469325635561608
