epoch,train_acc
0,0.13731590665085422
1,0.15103577116310296
2,0.14679545379529255
3,0.1495716637247119
4,0.15272311510688893
