epoch,train_loss
0,11.31049356389578
1,11.784099720843672
2,41.88834716191067
3,55.68197503101737
4,59.689380428039705
