epoch,train_reward
0,0.6980677059950958
1,0.735154883441499
2,0.7339001181847404
3,0.734840489572686
4,0.737234476408355
