epoch,train_acc
0,0.15991498716839644
1,0.23264987920345453
2,0.2677554934135172
3,0.2837137390495275
4,0.2913349384176668
