,BLEU,ROUGE_1,ROUGE_2,ROUGE_L,METEOR
0,0.14382581224891194,0.3105669814361562,0.1815362305315416,0.2929228126588345,0.2457500786308339
