epoch,train_loss
0,9.00555889423077
1,4.38412104528536
2,4.077521615229529
3,3.903582021557072
4,3.7891715454404467
