epoch,train_reward
0,0.6451092240384435
1,0.6562105061546448
2,0.7005249511811041
3,0.7294064514690238
4,0.7568948359110811
