epoch,train_acc
0,0.14443484154315028
1,0.14207706595813235
2,0.1495038995005464
3,0.15228397393652252
4,0.15861804478624963
