,BLEU,ROUGE_1,ROUGE_2,ROUGE_L,METEOR
0,0.11001555969764712,0.31808117136003183,0.21496098153626325,0.3076964793290125,0.22582254182532535
