epoch,train_loss
0,10.219404272642679
1,28.35289527760546
2,53.80928194789082
3,61.30753722084367
4,63.87216966501241
