epoch,train_reward
0,0.6898150073165633
1,0.7255704570053233
2,0.7184499105064213
3,0.717386437261075
4,0.7139398271481393
