epoch,train_acc
0,0.5020144325200753
1,0.5191236926835748
2,0.5168733652931692
3,0.5104400216196685
4,0.5089440869643549
5,0.5066855834471271
6,0.5042822763256962
7,0.5009739352181354
8,0.49993810739217853
9,0.49493296798569203
10,0.4949002689577539
11,0.4920275127139327
12,0.49081184537955996
13,0.48716017470231504
14,0.4859199832640421
15,0.4837046899068516
16,0.4841134159286995
17,0.4833590234608928
18,0.484433389698978
19,0.48389036826488685
