epoch,train_reward
0,0.49749134955384805
1,0.49375859196945154
2,0.49372425033907186
3,0.5095223497114909
4,0.5148231407184772
5,0.5208217220990647
6,0.5262003232278096
7,0.5345682182386852
8,0.5391915075714813
9,0.5323933646283342
10,0.5229239768511511
11,0.5383743650442816
12,0.5371402945753705
13,0.5362208311867821
14,0.5340931162973156
15,0.5389287602741087
16,0.5385184038113051
17,0.5370339963735486
18,0.5303952295683959
19,0.5247159655051381
