epoch,train_acc
0,0.010465713770827278
1,0.004842815784066122
2,0.007250794089992318
3,0.0068712631242314245
4,0.0012086603480950832
5,0.0007660687857228144
6,0.0009996263377395596
7,0.0017388359901407576
8,0.003817498163584277
9,0.005826093066972367
10,0.0060106035418006605
11,0.00791176198042027
12,0.0067626588253279305
13,0.006892283260195846
14,0.006612014202943966
15,0.006803531400157731
16,0.00529825301149718
17,0.004632614010834289
18,0.002816704094812959
19,0.0031436846569084433
