epoch,train_reward
0,0.4438565069049463
1,0.5303041991096975
2,0.2825828699787636
3,0.06901100511775424
4,0.08286778842654463
5,0.08217116812820392
6,0.18859658034459892
7,0.1894817206791431
8,0.16014527604652093
9,0.1255674187277732
10,0.07605492968463043
11,0.0858565776404244
12,0.1350927572246357
13,0.15488117311834754
14,0.16892801756415132
15,0.18367475772385106
16,0.20258180108840154
17,0.21941915949631166
18,0.2564313769875086
19,0.25892003294865645
