epoch,train_reward
0,0.23187591086993503
1,0.23228348959104697
2,0.232414196642345
3,0.232106959096716
