epoch,train_acc
0,0.3439836375438006
1,0.3417902858059769
2,0.3028932430018789
3,0.2657755431656998
4,0.2502679160426436
