epoch,train_loss
0,3.6290632152848423
1,3.507911845116989
2,4.173224106688708
3,4.8264162639877926
4,5.024379291709054
