epoch,train_reward
0,0.3597655807482505
1,0.39639939513296224
2,0.3589087553845296
3,0.3351596398610671
4,0.3260548437660369
