epoch,train_acc
0,0.13567890900855537
1,0.1460783399922328
2,0.1504594998630468
3,0.15381628324054045
4,0.1569282268721715
