epoch,train_loss
0,13.586283845398428
1,19.720757926487092
2,36.04262240460157
3,48.9402882996633
4,52.39179994388328
