epoch,train_reward
0,0.25763727064368835
1,0.420091044454596
2,0.45968356808829386
3,0.47101918016753747
4,0.4796227376937331
