epoch,train_loss
0,6.505529623220463
1,4.546406068424187
2,4.118183233950398
3,3.8985298045791024
4,3.7504016562263565
5,3.635454500075614
6,3.5471014764049267
7,3.4800593675953326
8,3.4177165420928803
9,3.3608478874263197
10,3.31566852862292
11,3.2786927116979467
12,3.24418836655003
13,3.2091256592533375
14,3.1785219305812724
15,3.1468106260394104
16,3.1217196389000015
17,3.096219986972242
18,3.0730769398188826
19,3.056436044154781
