epoch,train_reward
0,0.4488512380878524
1,0.6282304197844892
2,0.7444806727442411
3,0.7686660419596304
4,0.7483891832946551
5,0.7602803105174905
6,0.769900224881597
7,0.7746543412161345
8,0.784161663291478
9,0.7815859984643388
10,0.7739771870103213
11,0.7819549034137537
12,0.7892668689831649
13,0.7929432321302962
14,0.7988750108397833
15,0.7967207337370014
16,0.7949226283200896
17,0.7976561439509439
18,0.8172654137753024
19,0.8148935578837253
