epoch,train_acc
0,0.319326134541957
1,0.3189826103465908
2,0.3220907052971306
3,0.332982515384613
4,0.3374930446353583
