epoch,train_loss
0,3.4480613425925926
1,2.9476711560044895
2,2.6754875140291805
3,2.692484743265993
4,1.6712765677609427
