epoch,train_reward
0,0.48434066675461235
1,0.5336132316476969
2,0.5521766583526174
3,0.5612573895925357
4,0.5654152817062523
