epoch,train_loss
0,6.793701327673279
1,5.448322678556536
2,4.836797024944041
3,4.51162568177327
4,4.312712624521539
5,4.161279578020077
6,4.035224691475972
7,3.9435211243015704
8,3.8598398253469184
9,3.776944329242895
10,3.714294735747989
11,3.663175872056791
12,3.6241310775870144
13,3.575518604552392
14,3.5384259566222087
15,3.4952292501336277
16,3.463942087522828
17,3.4384053556045684
18,3.4035778175486198
19,3.383782135378016
