epoch,train_reward
0,0.5855122816813464
1,0.5977707630631948
2,0.49034209342876284
3,0.6708852657587221
4,0.6870524831632576
5,0.7537524531973471
6,0.7863329837817957
7,0.7789810341183502
8,0.7775125356003789
9,0.8099914252167881
10,0.8241356103727133
11,0.8390666892622957
12,0.856904113056636
13,0.8432938787016538
14,0.8481948508484529
15,0.8581402573255029
16,0.8579696605701258
17,0.8561040874164884
18,0.864502098005597
19,0.8628357486559612
