epoch,train_acc
0,0.13044011336536246
1,0.14447500279807887
2,0.1539018531672508
3,0.15414873687366834
4,0.1570515069343669
