epoch,train_loss
0,15.357976466049383
1,24.916254559483725
2,42.34741512345679
3,56.54852342873176
4,60.83475378787879
