epoch,train_reward
0,0.20511947866366168
1,0.3331086697301479
2,0.36078752796390373
3,0.36715575119461674
4,0.3912100630878198
