epoch,train_acc
0,0.1337885062023567
1,0.14200141247751571
2,0.14556178313300688
3,0.1524484399263808
4,0.15224180401549148
