,BLEU,ROUGE_1,ROUGE_2,ROUGE_L,METEOR
0,0.10157868982507427,0.307721735212854,0.21621899177727918,0.2998641170983892,0.21634121576088705
