epoch,train_loss
0,10.116436298076923
1,32.33943664702233
2,61.47708591811414
3,64.12515508684864
4,69.90241160049628
