epoch,train_reward
0,0.34288414904186804
1,0.43141321518063247
2,0.4879701689218469
3,0.4759036949639285
4,0.4916982329069237
