epoch,train_acc
0,0.4918497306580591
1,0.4962175135860349
2,0.49977052388804977
3,0.4938956777943243
4,0.4986386148646326
5,0.49710963430381055
6,0.4909498741721163
7,0.49124252250288974
8,0.48562035894039834
9,0.48947375260367254
10,0.48965037060846195
11,0.48287309130819717
12,0.4779303326170043
13,0.4772367459712642
14,0.4831580026905135
15,0.47586762624801976
16,0.47862133796852413
17,0.48371751355652765
18,0.4763175527943243
19,0.4721057639263644
