epoch,train_acc
0,0.05738859271187954
1,0.11383711707030711
2,0.15721692813084265
3,0.18136911421613308
4,0.19739933699503073
5,0.2088915354200543
6,0.21998551922261447
7,0.22697005798463865
8,0.23442871861928247
9,0.2401018312426426
10,0.24492713067296373
11,0.2490459168705705
12,0.2532791474608562
13,0.2560853412199448
14,0.2587841000123943
15,0.2607308019437063
16,0.26309206834555743
17,0.2652501397736938
18,0.2704806606464856
19,0.2688294095843362
