epoch,train_loss
0,7.4113412886991625
1,6.309308227402212
2,5.923701929939168
3,5.664299312728403
4,5.517465833056668
5,5.384796908083518
6,5.28902176784293
7,5.201688169898474
8,5.121866972457133
9,5.070612073479212
10,5.02801885519327
11,4.964710410934927
12,4.935241160371379
13,4.90975943167648
14,4.873321111961331
15,4.841167216878301
16,4.825145623074519
17,4.8125739974291335
18,4.774111279457674
19,4.76116279422435
