epoch,train_reward
0,0.15246545226050065
1,0.62603499088854
2,0.8477290125705736
3,0.844592274571748
4,0.8651052598461442
5,0.8469613974939013
6,0.8430110504808982
7,0.8271468415388612
8,0.8328805408135658
9,0.8192676460796408
10,0.834238277422473
11,0.8347371509256919
12,0.7936089969002078
13,0.8025098047448915
14,0.7910842899517093
15,0.7774171396221281
16,0.8004108891893396
17,0.8010590562905966
18,0.7756330223896044
19,0.7411123655836679
