epoch,train_loss
0,3.640201480263158
1,3.427388980263158
