epoch,train_reward
0,0.19336845683424098
1,0.1933865227589482
