epoch,train_reward
0,0.4451587454894105
1,0.6667978739416277
2,0.6185827988225061
3,0.5867615237429336
4,0.5870204120874405
5,0.5480543867693292
6,0.5556533676278483
7,0.5592038008543823
8,0.5799512293961671
9,0.5688756908382382
