epoch,train_loss
0,7.199602505551326
1,5.763081922659425
2,5.301814243932476
3,5.042205385028514
4,4.869839542115216
5,4.736138743669997
6,4.631968141136682
7,4.550513346633569
8,4.478249000326935
9,4.422463451265754
10,4.360756369449633
11,4.321326644965886
12,4.294878435776373
13,4.247293554613943
14,4.209242421949925
15,4.189478746978692
16,4.170690969501376
17,4.141204716378798
18,4.115244311602126
19,4.0973351461470395
