epoch,train_reward
0,0.13830970247855057
1,0.040968453175983986
2,0.04375411480296034
3,0.03207770533658363
4,0.03374083342685087
5,0.03056105493089637
6,0.03051414861352191
7,0.03047411714739225
8,0.029170520297411056
9,0.02892602275771735
