epoch,train_acc
0,0.22439279090059866
1,0.22593337452352638
2,0.2263497831207691
3,0.22768538600147362
4,0.22858524145466266
5,0.22912025599196406
6,0.22944771077963386
7,0.22933297257612248
8,0.2300446059296627
9,0.23049195509145756
10,0.23158003242299108
11,0.23075495018522338
12,0.2322658833743322
13,0.23244250167419414
14,0.23219884496809232
15,0.23191393329070345
16,0.23218724205352292
17,0.2322040014337785
18,0.23248246688358853
19,0.23379228551789086
