epoch,train_acc
0,0.3233547682984364
1,0.33417510866152733
2,0.34379064944974647
3,0.3532814572405943
4,0.3631292275080893
