epoch,train_loss
0,3.4342842487373737
1,3.066173891694725
2,3.1998719837261502
3,3.25597117003367
4,3.1323784722222223
