epoch,train_reward
0,0.44256108577805336
1,0.48042990539879377
2,0.49640151671020005
3,0.49987640425010965
4,0.5006436149011692
