epoch,train_loss
0,4.049030978583434
1,2.960214946302063
2,2.8693172878214064
3,2.835087019231822
4,2.8094021065887316
5,2.802968215514726
6,2.7954059737680206
7,2.79483800084067
8,2.7902657558030612
9,2.7923408153345766
10,2.7902884943068296
11,2.7920191127623144
12,2.7937687223802232
13,2.796661026274677
14,2.7963515771344105
15,2.7996510176380656
16,2.796614841495394
17,2.803259538428131
18,2.81204679407881
19,2.818509631092773
