epoch,train_acc
0,0.09059346925818065
1,0.0342862480601939
2,0.024620468949590028
3,0.01995866032183638
4,0.016830156988990513
5,0.010464545984328577
6,0.00893941519256251
7,0.01139760837418282
8,0.011528400618649785
9,0.009057361730990405
10,0.0072659753422741466
11,0.00768754670956076
12,0.008668488403155799
13,0.008154661847526968
14,0.008279615050524205
15,0.008172178626344477
16,0.007169048968783993
17,0.005663770575816597
18,0.005573850920927113
19,0.005775878180315375
