epoch,train_loss
0,235.20366915422886
1,261.03855721393035
2,288.6952736318408
3,301.6268656716418
4,310.2335199004975
5,299.99782338308455
6,258.45522388059703
7,276.12935323383084
8,270.82276119402985
9,258.30907960199005
