epoch,train_loss
0,6.726794259382947
1,4.901207664225361
2,4.407283993050603
3,4.194502412682713
4,4.046665648422619
5,3.9349533626348667
6,3.8518088465870015
7,3.786243960408881
8,3.7231723601275153
9,3.665961520506604
10,3.621164858931362
11,3.58068589644857
12,3.548748741055479
13,3.5129769946088887
14,3.4827542871531874
15,3.4515403875029915
16,3.4229313701686293
17,3.4017905551608245
18,3.3741132233402515
19,3.3602689563637913
