epoch,train_loss
0,3.986957078557378
1,3.1558699083969732
2,3.1221228137679162
3,3.1232137391385475
4,3.1176121170745303
5,3.134945957115413
6,3.14078201306775
7,3.1461110981055973
8,3.151850651197904
9,3.14908876975021
10,3.166526017167643
11,3.167341343490532
12,3.174182290988118
13,3.1810429181753253
14,3.185947603174389
15,3.187424801924838
16,3.1878879262727473
17,3.193505024161574
18,3.19992571026755
19,3.2023427956841988
