epoch,train_reward
0,0.4983472644681353
1,0.5402808427276098
2,0.5690822311313698
3,0.5829139011055899
4,0.6066046750064388
5,0.6070759403331397
6,0.6082569919359524
7,0.6116529652356032
8,0.6127476796441014
9,0.6107196128956406
10,0.6253850449361074
11,0.6427329185297671
12,0.6236302146997152
13,0.6383467811105498
14,0.6458907116688954
15,0.64742693425294
16,0.6371066137279631
17,0.6379876906561744
18,0.656057162669742
19,0.6593911639778068
