epoch,train_acc
0,0.13164623597927602
1,0.14767111251409434
2,0.1561968969213827
3,0.15579131631808377
4,0.1590697215055937
