,BLEU,ROUGE_1,ROUGE_2,ROUGE_L,METEOR
0,0.0830814558901658,0.29439049789236615,0.1928415431061038,0.283564734598653,0.19909583551980303
