epoch,train_loss
0,15.741380822109988
1,31.740854727833895
2,50.022464225589225
3,64.25522586980921
4,65.7074214365881
