epoch,train_reward
0,0.2204304697905593
1,0.34746954786590184
2,0.3663387379528564
3,0.3735711954358451
4,0.38565830046814836
