epoch,train_reward
0,0.8004111325976873
1,0.8235420050597427
2,0.8486627051145723
3,0.8538044623219141
4,0.8625949016301939
5,0.8600955682225747
6,0.8698175142307093
7,0.8656446975056488
8,0.8742412532320117
9,0.869999088863335
10,0.867222790080722
11,0.8705888679712126
12,0.8787808087792727
13,0.8761396151367981
14,0.8812270775289819
15,0.8757398308503745
16,0.8792979894298139
17,0.8831419018235537
18,0.8800405075054357
19,0.8859961997754503
