epoch,train_loss
0,9.546241554054054
1,20.87837837837838
2,29.485993806306308
3,35.80616554054054
4,38.6151463963964
5,43.4662865990991
6,47.123310810810814
7,51.929898648648646
8,56.73155968468468
9,61.05419481981982
