epoch,train_loss
0,9.126561183929443
1,6.430143375396728
2,5.781935396194458
3,5.419128675460815
4,5.116365575790406
5,4.873132963180542
6,4.671123380661011
7,4.524592399597168
8,4.388966655731201
9,4.282262773513794
10,4.198286657333374
11,4.11865487575531
12,4.042813014984131
13,3.974815888404846
14,3.9143640661239623
15,3.8536445713043213
16,3.8029704523086547
17,3.7585969591140747
18,3.709616947174072
19,3.6628562068939208
