epoch,train_reward
0,0.7080090004413282
1,0.721224342116076
2,0.721430375208309
3,0.730319298321928
4,0.7318823720092205
5,0.7386467192896563
6,0.7361443837483724
7,0.7427888444407069
8,0.7397791345914205
9,0.7367634414440364
