epoch,train_acc
0,0.44822395861148834
1,0.48926041603088377
2,0.4872447913885117
3,0.48164062917232514
4,0.4772916656732559
5,0.47590104162693025
6,0.4730781239271164
7,0.46847916662693023
8,0.4646927070617676
9,0.45776562452316283
10,0.4484843760728836
11,0.45661979138851166
12,0.44501562535762784
13,0.43963020741939546
14,0.4414583343267441
15,0.4428958344459534
16,0.43895833373069765
17,0.4393697899580002
18,0.4399843740463257
19,0.4375260406732559
