epoch,train_reward
0,0.6027172762155533
1,0.6272179281711578
2,0.6238370847702026
3,0.6563947296142578
4,0.6585872304439545
5,0.702504266500473
6,0.6940467143058777
7,0.6884484469890595
8,0.6956237041950226
9,0.6819844400882721
10,0.6936603283882141
11,0.6889088916778564
12,0.703241069316864
13,0.7102396273612976
14,0.7276305556297302
15,0.6919009041786194
16,0.7019218325614929
17,0.714474939107895
18,0.7303375208377838
19,0.7310072946548462
