epoch,train_loss
0,3.766876284438785
1,2.7557337590963535
2,2.7146461954211243
3,2.7207358485401265
4,2.7070551402497998
5,2.7019164243547045
6,2.697898871827834
7,2.6981499136084377
8,2.6936638909991424
9,2.7030359471198357
10,2.7007397236210284
11,2.7017643416281976
12,2.7018031165151313
13,2.696349866319411
14,2.6995038065579857
15,2.701044793176179
16,2.6944523778292213
17,2.7002124798179854
18,2.697668169984723
19,2.7020324208948874
