epoch,train_acc
0,0.32514389002270866
1,0.302730127193164
2,0.3016369545350991
3,0.3060986805486829
4,0.30804297468584985
