epoch,train_loss
0,7.156074635241302
1,4.107323232323233
2,3.334304415684624
3,3.318688183922559
4,2.0377034231200897
