epoch,train_reward
0,0.18733096795049983
1,0.20287756360941864
2,0.19924578381708574
3,0.20480141348877606
4,0.2126390318669521
