epoch,train_loss
0,7.4190069784498
1,6.356442252616711
2,5.927458427412093
3,5.633484504682601
4,5.432599636471325
5,5.267447206471533
6,5.156430691346994
7,5.04350105636323
8,4.947574617616799
9,4.8736114245359135
10,4.801903955604998
11,4.743913118080173
12,4.699388003670046
13,4.64432195911493
14,4.605653931741757
15,4.575976219947028
16,4.55370797597774
17,4.511943430109409
18,4.471069081481796
19,4.457263106187898
