epoch,train_reward
0,0.28132130736860994
1,0.769320970827154
2,0.33947591136121963
3,0.38521310493283206
4,0.5207097505641091
5,0.6040079906382368
6,0.6378675120561113
7,0.6609330452611094
8,0.6864471879240643
9,0.6276051418129104
10,0.6449776442863482
11,0.6610887201644915
12,0.6279744631506402
13,0.6723993380508081
14,0.6586857809614173
15,0.6744749113048674
16,0.666747572176125
17,0.725541255666536
18,0.6952691655522505
19,0.7025866139630031
