epoch,train_acc
0,0.24375583975880738
1,0.2776929189538742
2,0.28253223048731885
3,0.2831242993273543
4,0.2839989720973199
5,0.28338121178438846
6,0.28302854099081237
7,0.2816061747715612
8,0.2818876134707789
9,0.2822239350844926
10,0.2812313150130045
11,0.28027022700138693
12,0.2813469262401085
13,0.28081324723269374
14,0.28003199659120875
15,0.2809031665859736
16,0.2801803068462509
17,0.28139597377969544
18,0.28064275135373856
19,0.28011607843129627
