epoch,train_reward
0,0.5973000893277438
1,0.6768281636216715
2,0.6857861929944813
3,0.7058075898965912
4,0.7101870489227398
5,0.7192688517506347
6,0.7224375014882451
7,0.7356462887584361
8,0.7348819610249301
9,0.7274901126532277
10,0.7329120881888899
11,0.7414662132348715
12,0.7482486041137456
13,0.7468062318493968
14,0.7477205521322686
15,0.7515260903290034
16,0.7604341632582147
17,0.7582714696636115
18,0.7589485674695584
19,0.7521256438285246
