epoch,train_acc
0,0.5416363034013141
1,0.5778657526713316
2,0.5810946840876421
3,0.5825240569264365
4,0.5826408349879654
5,0.5832982969390972
6,0.5839627679153409
7,0.5819424989512149
8,0.5814508584582753
9,0.5820767948980289
10,0.5812418260381895
11,0.5802819036582125
12,0.5792367346083637
13,0.577076326036667
14,0.5742526166642193
15,0.5768135724580876
16,0.5763009158485138
17,0.5759202169730524
18,0.5761514394272603
19,0.5731023435100846
