epoch,train_reward
0,0.5073881963176043
1,0.5163777878198923
2,0.5227465796631013
3,0.5179817148655519
4,0.520778806487541
5,0.5220181031879289
6,0.5132990661223373
7,0.5192928046923582
8,0.5162740711941313
9,0.5254523139363447
10,0.5197298844833546
11,0.5271594798351082
12,0.5337941857731395
13,0.5217722242723132
14,0.5254783424561333
15,0.5262915401180763
16,0.5165711807028595
17,0.5164528156342528
18,0.5132932733794499
19,0.5244366356877468
