epoch,train_acc
0,0.05395910682820595
1,0.0160078898229
2,0.014927547407742258
3,0.011637530969640259
4,0.011177289610876157
5,0.013276093238319206
6,0.013042749544273657
7,0.010570080413732051
8,0.01189408002485807
9,0.011957250422530688
10,0.010893667462549292
11,0.010557188509530064
12,0.01064227517731119
13,0.010612623759148882
14,0.009925484721834707
15,0.009982209120148628
16,0.009549040834898923
17,0.009447194739604498
18,0.00943817039905577
19,0.009127475249830007
