epoch,train_acc
0,0.11029815450258518
1,0.13230615265102216
2,0.14045323324992695
3,0.1466780104962413
4,0.14756003579109647
