epoch,train_loss
0,14.354373449131513
1,34.99874961228288
2,56.29861972704715
3,60.653439050868485
4,67.1148418114144
