epoch,train_reward
0,0.303888875186887
1,0.44238303773678267
2,0.47644167062514475
3,0.466485608193478
4,0.4703205487050726
