epoch,train_loss
0,14.25095016891892
1,5.081397804054054
2,4.982052364864865
3,4.378695101351352
4,4.222550675675675
5,4.1023543074324325
6,4.279138513513513
7,4.050411739864865
8,3.9947212837837838
9,3.937183277027027
