epoch,train_loss
0,6.988844838308458
1,6.4718788868159205
2,6.201239894278607
3,5.9598686256218905
4,5.805989583333333
5,5.580612562189055
6,6.0556592039801
7,6.0849657960199
8,6.241371268656716
9,6.41073927238806
