epoch,train_acc
0,0.10381866595603426
1,0.2303741593665606
2,0.28589896329849823
3,0.3166503169878716
4,0.3391337353285118
5,0.35226200514310146
6,0.336009902670779
7,0.3284076040635729
8,0.059119253887350134
9,0.00023822871041003898
10,0.00023005419539187454
11,0.00024990658844808625
12,0.00024757101297098727
13,0.00024056428549560664
14,0.00023238977139101535
15,0.0002487388005137711
16,0.00023355755984737233
17,0.0002428998618862788
18,0.00025340995199001087
19,0.00023706092221470292
