epoch,train_reward
0,0.18039574295383048
1,0.3700608143935332
2,0.43582471077506607
3,0.4165459614884746
4,0.43567357487506697
5,0.4676986221257631
6,0.4561772639150018
7,0.4449896841972798
8,0.44401136913278083
9,0.4638874213974755
