epoch,train_loss
0,6.473840862217516
1,4.371337164746652
2,3.839781080142106
3,3.575235807069457
4,3.398403776754247
5,3.2649547994726955
6,3.163715949152956
7,3.088361136984117
8,3.018919877486654
9,2.9620473644520975
10,2.9123716330764315
11,2.872656562540791
12,2.8373398792625655
13,2.8060503596126445
14,2.7772017457697653
15,2.750568970595256
16,2.723953034618113
17,2.6989619684691477
18,2.6747846261109456
19,2.664065985396357
