epoch,train_reward
0,0.6410335608490623
1,0.5736433618729657
2,0.7203411852369214
3,0.7931755365121482
4,0.8260574526715987
5,0.8524232607076664
6,0.8677228996069124
7,0.878100975020097
8,0.8784764683482671
9,0.8758292670297151
10,0.8795452902812769
11,0.8804504284174135
12,0.874741144404553
13,0.8835919378417554
14,0.8899431836487043
15,0.894775658550829
16,0.8902414783392802
17,0.8968904192494874
18,0.8981459007994963
19,0.8981551294869715
