epoch,train_acc
0,0.09501237836520234
1,0.2002545780932422
2,0.24449504911899567
3,0.2687406572659454
4,0.28503596782684326
5,0.29537906280547516
6,0.30445044003259975
7,0.31002779418577525
8,0.3173031113340181
9,0.32244838406686827
10,0.3258816785609241
11,0.3310000941892376
12,0.33320954802859526
13,0.3362773257253416
14,0.3398706088418918
15,0.3422844260262802
16,0.343768684318782
17,0.34632964358736046
18,0.3493448705683909
19,0.34924093810966733
