epoch,train_loss
0,6.984572365679549
1,5.388562647216523
2,4.938777504480473
3,4.674263400347243
4,4.507490641333063
5,4.369886024115866
6,4.262747960240317
7,4.1833951858127065
8,4.106902444309183
9,4.042684910008726
10,3.99183561021437
11,3.9439445889049582
12,3.9130857493310764
13,3.87194186155037
14,3.836011920809211
15,3.8090394986584584
16,3.7895969200561934
17,3.7551693050316097
18,3.7289025997367142
19,3.7125636194853504
