epoch,train_loss
0,5.382730917175217
1,3.5275054379264907
2,3.462017241090831
3,3.4447530578858783
4,3.427986176887361
5,3.4113173768071845
6,3.413935369784289
7,3.414874043795142
8,3.4171404673321413
9,3.41233501103845
10,3.4155213018455126
11,3.4205591855662885
12,3.4177209351322437
13,3.4276554655320575
14,3.4335594696573692
15,3.4406791488723
16,3.4437071203005196
17,3.450517165778887
18,3.4584189346521206
19,3.4511078784961513
