epoch,train_loss
0,5.228962427832086
1,4.202800288863246
2,4.126493216630054
3,4.1453874410535185
4,4.148159377778057
5,4.160009687791491
6,4.192421857551609
7,4.209028483506275
8,4.220731023181179
9,4.241106747511791
10,4.264147719994789
11,4.289294123115027
12,4.310357882837543
13,4.319075255116005
14,4.34281682540483
15,4.3609044177649805
16,4.372926814673727
17,4.39728123190157
18,4.412973722534864
19,4.433260122222216
