epoch,train_reward
0,0.5211928159399417
1,0.6046928760716733
2,0.615314987475562
3,0.6063002354628302
4,0.6356037793672673
5,0.6474669752099589
6,0.6782350168634423
7,0.643092033307114
8,0.7064668089819596
9,0.6883849167503049
10,0.7042962601366599
11,0.691267974440827
12,0.6830608342260523
13,0.6801445088578981
14,0.6982835851977224
15,0.6876616330959338
16,0.7018071159119029
17,0.7019168320258102
18,0.6979378424417813
19,0.7362998825552217
