epoch,train_acc
0,0.1068146661071494
1,0.2468015158382973
2,0.2928372527113055
3,0.3207469588459128
4,0.3371080855036726
5,0.34908596256581864
6,0.35895859132898916
7,0.3676967294794498
8,0.37483111658308765
9,0.3797377789079553
10,0.38422674368513693
11,0.3887646968411927
12,0.3925252683682017
13,0.39604218274650005
14,0.3995307346086691
15,0.4022032277713908
16,0.405861952959901
17,0.40704929784382926
18,0.4100737424180059
19,0.41185024749524524
