epoch,train_loss
0,6.372278220582716
1,4.3014353737972755
2,3.859852893517749
3,3.6253586452786286
4,3.4666216774742202
5,3.3396453467926177
6,3.2447357071508276
7,3.1708946334253443
8,3.10194735479827
9,3.041233036777761
10,2.9990614912297464
11,2.960169540773524
12,2.916980018710146
13,2.8866683563383497
14,2.8555074033170644
15,2.826735200268207
16,2.800149391193201
17,2.777596975317096
18,2.754526416854103
19,2.7398926822265777
