epoch,train_reward
0,0.28400812548639526
1,0.19133473632046993
2,0.19130639631651977
3,0.19153780780832863
4,0.19464941717049467
5,0.19111499364066017
6,0.19124497232683035
7,0.19121386364703755
8,0.23394104337211147
9,0.26807118213898395
10,0.21179618432516475
11,0.16866049608173928
12,0.23482435604248347
13,0.24759053950085233
14,0.22691588868875676
15,0.3270861179371586
16,0.37632396780455596
17,0.3472060186980551
18,0.42493345050533793
19,0.43419973786101745
