epoch,train_acc
0,0.16590413638163
1,0.17436186104478346
2,0.13882840199562177
3,0.16173094152546066
4,0.17529523405770311
5,0.18328368968333486
6,0.18299955967526593
7,0.1855176741453381
8,0.18914222682022094
9,0.1925113417832994
