epoch,train_reward
0,0.20847332021976644
1,0.4641132676923597
2,0.5262026153169237
3,0.5761078951863555
4,0.5640536031207523
5,0.5830525882072277
6,0.5809392743819469
7,0.5401362356570389
8,0.5364921475584442
9,0.543666895311158
