epoch,train_loss
0,6.775010972814175
1,4.743068718589475
2,4.091768448662865
3,3.6983220149583347
4,3.440110741174809
5,3.241056554520611
6,3.1008055370484766
7,2.9877869473444507
8,2.8961700345368664
9,2.815546013314628
10,2.7531462806222686
11,2.702000651124347
12,2.6563204350492877
13,2.618794555621297
14,2.576517766901196
15,2.5443417769376473
16,2.521639176013758
17,2.4874788987796936
18,2.4509997293018975
19,2.4416620143325876
