epoch,train_acc
0,0.19651765696863088
1,0.23206044519696
2,0.23766115521636244
3,0.23795543731328084
