epoch,train_loss
0,4.682183671959847
1,3.7172900144294774
2,3.6511539632429457
3,3.6282296148650848
