epoch,train_reward
0,0.4285759274668223
1,0.4745487970354311
2,0.5002979014753761
3,0.5243089885989647
