epoch,train_reward
0,0.36890461576492795
1,0.7941982334504748
2,0.626395286065046
3,0.4879917600630645
4,0.5089677449299082
5,0.46975538682509965
6,0.5405822420334068
7,0.6151730677472101
8,0.600467414198435
9,0.5809374765697616
10,0.6305442972300833
11,0.6316222821115913
12,0.6407347424415195
13,0.62503023037996
14,0.6219014501357827
15,0.6565500749066272
16,0.6353791928077492
17,0.6804050493133442
18,0.6422957949039647
19,0.6628939651053048
