epoch,train_acc
0,0.2440302692721243
1,0.24205787553380959
2,0.24108160510993323
3,0.23965573624912398
