epoch,train_reward
0,0.6419321017949571
1,0.657137604705956
2,0.662768136091831
3,0.6748201315178465
