epoch,train_loss
0,6.3797703308634235
1,4.066058990978958
2,3.45450226623233
3,3.1548423212353547
4,2.9608255483136316
5,2.815832777778701
6,2.7104955817213154
7,2.6306686389564287
8,2.5623875856399536
9,2.500595256833747
10,2.4582523083922885
11,2.4165096507214083
12,2.376015798880322
13,2.3448278077758187
14,2.317559283558685
15,2.2867961496409803
16,2.261386547938432
17,2.2391369236577856
18,2.2150741473282918
19,2.2019208197546476
