epoch,train_acc
0,0.1590145474153285
1,0.20789824948823368
2,0.23354252429325328
3,0.2582570114496471
4,0.2752661213771201
