epoch,train_loss
0,9.999973695286196
1,4.777115775813693
2,4.695544858305275
3,4.607279391133558
4,4.294718013468014
