epoch,train_reward
0,0.27685973345898884
1,0.4325416903403472
2,0.5018762974559793
3,0.5084036127752996
4,0.5091165148649954
