epoch,train_acc
0,0.1709818178295034
1,0.17221980766607453
2,0.1700314727851805
3,0.17007398633580814
4,0.1707884430276866
5,0.17183981654755595
6,0.17065790891924026
7,0.17402719358910287
8,0.17402707021370506
9,0.172886623451399
