epoch,train_acc
0,0.08175798754454193
1,0.17731572280015645
2,0.22360449354477527
3,0.2485542785159141
4,0.2661399942208833
5,0.27871356496896443
6,0.28725009328046724
7,0.29406647056742097
8,0.3007333710321931
9,0.306370281986057
10,0.3097802226853478
11,0.31414307714043177
12,0.31799911169727824
13,0.3211054286080091
14,0.32368156781645635
15,0.3267797087340077
16,0.3284227862753676
17,0.3308295960383565
18,0.3337070256337991
19,0.3350347996827198
