epoch,train_loss
0,7.08240536830885
1,5.582455697081014
2,5.126450329083498
3,4.85211143793012
4,4.673319489432023
5,4.537127360100169
6,4.434810694023098
7,4.35364464687125
8,4.278275949538021
9,4.203214862421489
10,4.153413293607566
11,4.106222748221838
12,4.066383159748642
13,4.033172509060847
14,3.9938858047194543
15,3.9614494541835357
16,3.942497872450961
17,3.9174300512390823
18,3.8823968754755542
19,3.8683171892379966
