epoch,train_reward
0,0.1525428016866336
1,0.5713479924495979
2,0.6608351634756866
3,0.6808227853924704
4,0.6765313256749124
5,0.6652287589594922
6,0.6914876442853646
7,0.6990916761047637
8,0.6963220174537111
9,0.6948774253840938
10,0.6964443964808511
11,0.7050004374285984
12,0.7199457143454274
13,0.705550394250673
14,0.7097806310439858
15,0.7062365738800288
16,0.7096223146926127
17,0.7129148325043408
18,0.7232724743573655
19,0.7192095830836104
