epoch,train_acc
0,0.06726323265801609
1,0.07968391914053646
2,0.08689118600369526
3,0.09040809083030583
4,0.0928870051947642
