epoch,train_loss
0,42.19304152637486
1,71.38499579124579
2,100.44107744107744
3,114.76010101010101
4,118.56095679012346
