epoch,train_reward
0,0.7251041900997879
1,0.7829711607811025
2,0.7779031781235126
3,0.7702648695202923
4,0.7860737199467575
