epoch,train_acc
0,0.15021599976087077
1,0.1600829234984336
2,0.16665966860883139
3,0.1661750968259825
4,0.16880287437199556
