epoch,train_loss
0,11.03844433922559
1,14.833241266835017
2,31.624456369248037
3,46.94991582491583
4,51.6291210718294
