epoch,train_reward
0,0.289145196350051
1,0.4316865632897943
2,0.4836381949425814
3,0.4780474135236173
4,0.4727920793858174
