epoch,train_acc
0,0.31193398770181424
1,0.31174026553261713
2,0.3117745293967717
3,0.3116017877928679
