epoch,train_reward
0,0.1966231987524554
1,0.19639634694960934
2,0.19666092649920788
3,0.19658673065785595
