epoch,train_loss
0,183.10976368159203
1,210.38743781094527
2,202.02611940298507
3,216.48880597014926
4,226.87313432835822
5,208.38930348258705
6,207.32276119402985
7,166.47512437810946
8,165.93097014925374
9,163.57773631840797
