epoch,train_reward
0,0.47022832537171855
1,0.6347902861993704
2,0.6793648828914509
3,0.6470203456000903
4,0.6324418833599755
5,0.6447904311602388
6,0.6315208092257751
7,0.6284814224907415
8,0.6272793302488564
9,0.6274863104915145
