epoch,train_acc
0,0.17105335808962094
1,0.18980162279086307
2,0.19262585389057432
3,0.19324860931628027
4,0.1963188507827065
