,BLEU,ROUGE_1,ROUGE_2,ROUGE_L,METEOR
0,0.08766948093896214,0.2882646704212859,0.18130753732169996,0.27666742087070617,0.19731287319006724
