epoch,train_loss
0,8.335323723344557
1,8.799715909090908
2,16.618450126262626
3,27.080457351290686
4,34.24179292929293
