epoch,train_reward
0,0.10858915267145318
1,0.23785577987882023
2,0.344215601298009
3,0.38561040733331514
4,0.40036191546288136
