epoch,train_reward
0,0.9721387994289398
1,0.9795134747028351
2,0.9832585847377777
3,0.987404911518097
4,0.985586588382721
5,0.9899152481555938
6,0.9915396618843079
7,0.98754354596138
8,0.9869180941581726
9,0.9910726296901703
10,0.9922079598903656
11,0.9913867604732514
12,0.9896880888938904
13,0.9912721061706543
14,0.9893949365615845
15,0.99220254778862
16,0.9923205876350403
17,0.9913649344444275
18,0.9926166129112244
19,0.9926088559627533
