epoch,train_acc
0,0.1354872785126637
1,0.14724565683594645
2,0.15314285432237346
3,0.15443721415518025
4,0.15714366317192402
