epoch,train_loss
0,14.261131278058361
1,25.54591049382716
2,45.58871703142537
3,55.876385381593714
4,58.17555765993266
