epoch,train_reward
0,0.2753140894167217
1,0.44520799126622385
2,0.4713167999395484
3,0.4683669286745566
4,0.45968016062253786
