epoch,train_acc
0,0.24390341412093913
1,0.28243089917272624
2,0.28410555909175683
3,0.2823290540145175
4,0.28310643534849184
5,0.28296720273423903
6,0.2848236371975134
7,0.28311030404402476
8,0.2836594991754777
9,0.2817695443287934
10,0.28332946456895014
11,0.2827854259769515
12,0.2831683167726687
13,0.2819448744896615
14,0.28242832097676723
15,0.2824205866839626
16,0.2834493600495971
17,0.28234065597010133
18,0.2819848394039834
19,0.28127449529595894
