epoch,train_loss
0,3.9344531120640216
1,2.885112219517774
2,2.8561283468019845
3,2.877029770671731
4,2.869727314108669
5,2.8631050031964143
6,2.8675671261135895
7,2.869120509317606
8,2.8755789003749883
9,2.8820382982197374
10,2.885168542956362
11,2.889970049999728
12,2.8917690999437085
13,2.8888510394804547
14,2.8936734777866024
15,2.893101332211258
16,2.9002863192322232
17,2.9072027430675997
18,2.903688094403484
19,2.9037530292378793
