epoch,train_reward
0,0.4474307143362817
1,0.44741094630054445
2,0.44742945842352455
3,0.4474484695690146
4,0.4474575904847375
