epoch,train_acc
0,0.011494534689987354
1,0.009588705157577123
2,0.009195160672001775
3,0.009665779140882295
4,0.009035173788950716
5,0.009313107248930252
6,0.009523309042652226
7,0.008949925265830395
8,0.008955764193233988
9,0.007916433148862869
10,0.007942124438000166
11,0.007956137889035615
12,0.007949131160907681
13,0.007710902454673977
14,0.007858043720302561
15,0.007898916296176445
16,0.008321655452702479
17,0.0076641909602712084
18,0.007193572496611107
19,0.0075719357173756234
