epoch,train_reward
0,0.5389758203295582
1,0.6365104705395987
2,0.5970770351822601
3,0.6099211832867609
4,0.6433981044944627
5,0.5094594664103247
6,0.5265530701977255
7,0.5370502565473719
8,0.4091441368041017
9,0.5532117558835333
10,0.4858751450686177
11,0.4051314297679294
12,0.4943895464921746
13,0.4033697012628141
14,0.2538083615658529
15,0.4488247365694944
16,0.27656405459204064
17,0.30455553955962306
18,0.49751484975419236
19,0.4594138982317373
