epoch,train_reward
0,0.9751828217506409
1,0.9825505089759826
2,0.9865595924854279
3,0.9831002759933472
4,0.9876751112937927
5,0.9873704469203949
6,0.9799848794937134
7,0.9867572271823883
8,0.9874242424964905
9,0.9896865379810333
10,0.9852045845985412
11,0.9901384258270264
12,0.9910291397571563
13,0.9899564158916473
14,0.9932238256931305
15,0.9924077820777893
16,0.9882944512367249
17,0.9893373250961304
18,0.9891834771633148
19,0.9849192845821381
