epoch,train_acc
0,0.1756090821046593
1,0.23463785857232727
2,0.27365120463903436
3,0.29605314189309184
4,0.3107658723173482
