,BLEU,ROUGE_1,ROUGE_2,ROUGE_L,METEOR
0,0.1077279664292668,0.2855962682293485,0.1610377384606906,0.2681526024486908,0.2103039025460864
