epoch,train_loss
0,8.394987198372615
1,4.382652479657688
2,4.303008382435466
3,4.21434396043771
4,3.9425088559203143
