epoch,train_reward
0,0.3360645402594983
1,0.45839967454055075
2,0.4414189069894562
3,0.43202438933814546
4,0.43577548971882574
