epoch,train_acc
0,0.21057852268798932
1,0.1972355637206694
2,0.20039114018923346
3,0.20201528446417763
4,0.2051320062489239
