epoch,train_loss
0,12.056463729063275
1,20.930763415012407
2,22.98370618796526
3,25.155232242555833
4,26.87112282878412
