epoch,train_reward
0,0.8523269754559467
1,0.8656702310068731
2,0.8623956787970758
3,0.8567850449984482
4,0.859012137053918
