epoch,train_acc
0,0.15383505262655206
1,0.17166444983966017
2,0.17373161099484608
3,0.16970144025351214
4,0.17094036364189308
5,0.174038803218225
6,0.1729753206958331
7,0.17402260412239348
8,0.17478159877188074
9,0.17511046851456427
