epoch,train_reward
0,0.17904565666240077
1,0.3875195751856039
2,0.4474852269028758
3,0.42957083719807704
4,0.44780778549275957
5,0.456785229009551
6,0.46510116957329417
7,0.453408316046268
8,0.4492756347130011
9,0.4639163076340615
