epoch,train_loss
0,6.711407779466988
1,4.993560625775026
2,4.261008141064408
3,3.9485368480776795
4,3.7620680686270838
5,3.6151075847078076
6,3.499874286132284
7,3.4189329536834565
8,3.3407625974995074
9,3.2721400508786194
10,3.215369550308379
11,3.170056085775394
12,3.1308982029999837
13,3.0905250405321025
14,3.061634318663342
15,3.031030873260876
16,3.0061137522801316
17,2.975016198535957
18,2.948855440215309
19,2.936588393579615
