epoch,train_acc
0,0.17141722713810112
1,0.2063434228234227
2,0.2096961414600167
3,0.2098152557964282
4,0.20934463736722286
5,0.20840923975935965
6,0.20560421377019497
7,0.20480661421613308
8,0.20291012645836903
9,0.20269875809750748
10,0.20138849946148193
11,0.19929348841109085
12,0.19835925817222338
13,0.19637752214087498
14,0.19668932192261443
15,0.1976994587434247
16,0.1982763453048441
17,0.19623972301793205
18,0.19703031575198665
19,0.1944868739009438
