epoch,train_loss
0,5.1939362089730166
1,4.163308815036654
2,4.135841562074396
3,4.13505493258147
4,4.157057112107897
5,4.189049068587778
6,4.230847869753303
7,4.2620911897565215
8,4.294487114979012
9,4.332829191011164
10,4.344854265050503
11,4.373486341382356
12,4.402489347842777
13,4.418720358690339
14,4.4452970038615
15,4.441903005266403
16,4.454437044169336
17,4.484426222574551
18,4.493380071870949
19,4.512996389192316
