epoch,train_acc
0,0.28538793641106286
1,0.24792727912899895
2,0.21596209558602247
3,0.20720363211058937
4,0.20453369851339714
