epoch,train_loss
0,3.661559301333747
1,4.180426585763027
2,4.6436685794044665
3,4.855778923697271
4,5.013923891129032
