epoch,train_reward
0,0.5252339576299374
1,0.4085007050714777
2,0.40094141144462614
3,0.4136190065564056
4,0.4049619614486363
