epoch,train_acc
0,0.1316497477167602
1,0.14238068798694925
2,0.1492678338754908
3,0.15194789589989222
4,0.15614959925430297
