epoch,train_loss
0,15.30522236251403
1,24.01603710718294
2,40.35618336139169
3,52.05643237934905
4,56.56797138047138
