epoch,train_reward
0,0.1853328206389306
1,0.3259438799085842
2,0.35799460484323276
3,0.3672108275253497
4,0.37272519229437767
