epoch,train_loss
0,4.3514276930034965
1,3.2257556466243726
2,3.1568366775598227
3,3.1424932212572996
4,3.127538613674352
5,3.14198269865438
6,3.1435180469478725
7,3.1563412662044232
8,3.1687630046108914
9,3.176303583410289
10,3.186757736676477
11,3.203958415129794
12,3.217531269441271
13,3.216310292616019
14,3.2322768833605164
15,3.2462124332718787
16,3.2516639082955674
17,3.257748814441698
18,3.2909163006752595
19,3.307433289797317
