epoch,train_loss
0,6.836533591298774
1,5.572983588322555
2,5.086479654406557
3,4.687738260420242
4,4.457653451674055
5,4.28008490505785
6,4.135954734122399
7,4.026660064659496
8,3.941635547298016
9,3.854845926313117
10,3.781351157934359
11,3.733904683944022
12,3.681167477428323
13,3.6360959581809467
14,3.591995625212641
15,3.554108535889352
16,3.528250884301592
17,3.489839750941437
18,3.4658886383075527
19,3.438741092634673
