epoch,train_reward
0,0.5755545346453639
1,0.5859354614916414
2,0.5312044984190771
3,0.5625087681530726
4,0.6007438020983545
5,0.6562806350169795
6,0.7019669505039065
7,0.7566814062618973
8,0.7207336529056625
9,0.7772863604644737
10,0.7908915242936352
11,0.8199231701322122
12,0.7964365553147722
13,0.8213063319130699
14,0.8375243426549552
15,0.8257073441354355
16,0.8360465284031217
17,0.8337768021196422
18,0.851999821639297
19,0.8598705996381174
