epoch,train_acc
0,0.07979578429966218
1,0.11591401048558643
2,0.12519612648621356
3,0.13158233243183529
4,0.13658070213720988
5,0.13729196671306834
6,0.13736088373894262
7,0.14338706514306082
8,0.14258848619439354
9,0.13770568167250027
