epoch,train_reward
0,0.7869998516665923
1,0.7820540349762719
2,0.7771653111453529
3,0.73826574769106
4,0.7517539858818054
5,0.7287662657531532
6,0.7230515831762606
7,0.7087248826886082
8,0.7010713369996698
9,0.7414917175297264
