epoch,train_reward
0,0.3214183966737045
1,0.3213486160259498
