epoch,train_acc
0,0.0765204593839934
1,0.17798603296012622
2,0.23733183841801545
3,0.263692311775524
4,0.2846342484245386
5,0.29824598233796024
6,0.30960155161506925
7,0.318058670101679
8,0.32622968081401604
9,0.33271674123580147
10,0.3388639757986026
11,0.34403493893520715
12,0.3486185076525393
13,0.3517458428181875
14,0.3558436092239859
15,0.3583812128268015
16,0.36112434687635825
17,0.36340970656262384
18,0.3671606414253936
19,0.367888173046668
