epoch,train_loss
0,7.043615895001878
1,5.436863311203071
2,4.882680567925286
3,4.56210336129227
4,4.349321500068288
5,4.173212562441291
6,4.046257458460171
7,3.9332699593941727
8,3.839665711193341
9,3.7541404850279805
10,3.679886017145063
11,3.6251520511815367
12,3.570392206645333
13,3.5310041423335736
14,3.4869634281894015
15,3.450192472859883
16,3.417468204626588
17,3.3787289617307517
18,3.3409626494608653
19,3.329601804237195
