epoch,train_reward
0,0.4142150888929453
1,0.4513496529361058
2,0.5764126138836814
3,0.5657379849074667
4,0.5394025459685133
5,0.5521910166526589
6,0.5903029372339291
7,0.6082267232005372
8,0.5924201345764468
9,0.6146829542557755
10,0.6139592715442983
11,0.6086252684550435
12,0.624388133998409
13,0.6306043502461215
14,0.6341960197606964
15,0.6286499861109952
16,0.6406750641596157
17,0.6538086450687973
18,0.6240824498403232
19,0.6377440300757575
