epoch,train_acc
0,0.14330477687762783
1,0.20097930260372734
2,0.2274249300846232
3,0.2507243223669518
4,0.2649341893511747
