epoch,train_loss
0,10.665824915824915
1,4.999618581649831
2,4.849655408249158
3,4.7432177679573515
4,4.441673681257015
