epoch,train_reward
0,0.07587962530764482
1,0.16373963093993438
2,0.28776847530160554
3,0.3902633909123514
4,0.4527388566939785
