rl_model,dropout,dropout_rate,train_acc,train_reward
xglm_large,None,0.0,0.3116017877928679,0.1965867306578559
xglm_large,quantile,0.8,0.3091779760845081,0.262533618728855
opt_large,None,0.0,0.242986862743541,0.3058876320340747
opt_large,quantile,0.8,0.3854856718093432,0.303333719728073
