epoch,train_acc
0,0.30713921253424054
1,0.32289035413400136
2,0.3433896736577731
3,0.3549492966696349
4,0.36215276535009605
