epoch,train_loss
0,3.103578629032258
1,3.020638667028536
2,2.965614337779156
3,2.938573491780397
4,2.9151553776364763
