epoch,train_reward
0,0.6451465270063718
1,0.6996114119406669
2,0.7169921968326379
3,0.7334945753549523
4,0.7214421724563201
