epoch,train_loss
0,220.30855855855856
1,210.21086711711712
2,202.9971846846847
3,198.14949324324326
4,199.87443693693695
5,213.59684684684686
6,212.38682432432432
7,215.0653153153153
8,226.81813063063063
9,234.74493243243242
