epoch,train_reward
0,0.1919720619581304
1,0.0816168172519889
2,0.09855924743051464
3,0.08907244081382414
4,0.1167188213617952
5,0.10697010336527685
6,0.10422974606757765
7,0.0798929454003637
8,0.08765065498012412
9,0.07870621253476218
