epoch,train_acc
0,0.3270422169280764
1,0.3420641123233345
2,0.3525110550975738
3,0.3646686890171133
4,0.37010814052478264
