epoch,train_loss
0,3.3770473835578003
1,2.9902321829405163
2,3.1077923330527497
3,3.165145377384961
4,3.040496106902357
