epoch,train_reward
0,0.3994877593117263
1,0.4450862984999797
2,0.4557161292376877
3,0.4675387144423227
4,0.4729978152196415
