epoch,train_reward
0,0.45165779074626183
1,0.6919509359260103
2,0.7879545279403231
3,0.8250104811654162
4,0.8476487365528126
5,0.8678746078144851
6,0.8682798185751806
7,0.878121897948915
8,0.8677220905005042
9,0.8819056657416311
