epoch,train_loss
0,3.5777836636741562
1,2.5797359671923195
2,2.5282974148740864
3,2.5018569360865226
4,2.4885425142722553
5,2.476534000717767
6,2.468646232444461
7,2.4626712692846167
8,2.4547226570620397
9,2.458114441078488
10,2.454073863454384
11,2.450303065894854
12,2.4505540026296484
13,2.447484562892725
14,2.45145322308682
15,2.448405940933983
16,2.4440449263789867
17,2.446448442959549
18,2.4426777622487283
19,2.4419025536811
