epoch,train_acc
0,0.08484445057909584
1,0.18546104284145373
2,0.23887098263197415
3,0.2650749725477578
4,0.2845209736727813
5,0.296270085690802
6,0.30627335534502037
7,0.3146090254922619
8,0.3228068945119199
9,0.3292297266523934
10,0.33437616795702363
11,0.33951209893141093
12,0.3434849110152155
13,0.34639153646246734
14,0.35041106108058195
15,0.35246052870301386
16,0.3554173674551361
17,0.35737341147901763
18,0.361225944730733
19,0.3613765869172699
