epoch,train_loss
0,6.969668741183431
1,5.360034895584723
2,4.859114525029478
3,4.564178445414043
4,4.362017090545107
5,4.1985876955793575
6,4.084340039924656
7,3.981667624460742
8,3.89072996083931
9,3.8100442073804914
10,3.7475325387689566
11,3.697142667299963
12,3.645788043069198
13,3.6060297628154667
14,3.5645829711794317
15,3.53420444561227
16,3.5024164706602225
17,3.4695477988153294
18,3.4334879573685173
19,3.4245387556306985
